Rk,Player,Tm,Age,Pos,G,GS,Tgt,Rec,Ctch%,Yds,Y/R,TD,1D,Succ%,Lng,Y/Tgt,R/G,Y/G,Fmb
1,Justin Jefferson*+,MIN,23,WR,17,17,184,128,69.60%,1809,14.1,8,80,57.6,64,9.8,7.5,106.4,0
2,Tyreek Hill*+,MIA,28,WR,17,17,170,119,70.00%,1710,14.4,7,77,56.5,64,10.1,7,100.6,1
3,Davante Adams*+,LVR,30,WR,17,17,180,100,55.60%,1516,15.2,14,65,46.1,60,8.4,5.9,89.2,1
4,A.J. Brown*,PHI,25,WR,17,16,145,88,60.70%,1496,17,11,59,51.7,78,10.3,5.2,88,2
5,Stefon Diggs*,BUF,29,WR,16,16,154,108,70.10%,1429,13.2,11,74,64.3,53,9.3,6.8,89.3,1
6,CeeDee Lamb*,DAL,23,WR,17,17,156,107,68.60%,1359,12.7,9,67,55.1,39,8.7,6.3,79.9,0
7,Jaylen Waddle,MIA,24,WR,17,17,117,75,64.10%,1356,18.1,8,60,54.7,84,11.6,4.4,79.8,1
8,Travis Kelce*+,KAN,33,TE,17,17,152,110,72.40%,1338,12.2,12,78,63.2,52,8.8,6.5,78.7,1
9,DeVonta Smith,PHI,24,WR,17,17,136,95,69.90%,1196,12.6,7,57,54.4,45,8.8,5.6,70.4,1
10,Terry McLaurin*,WAS,27,WR,17,17,120,77,64.20%,1191,15.5,5,56,55,52,9.9,4.5,70.1,1
11,Amon-Ra St. Brown*,DET,23,WR,16,16,146,106,72.60%,1161,11,6,68,62.3,49,8,6.6,72.6,0
12,Amari Cooper,CLE,28,WR,17,17,132,78,59.10%,1160,14.9,9,61,53,55,8.8,4.6,68.2,0
13,Mike Evans,TAM,29,WR,15,15,127,77,60.60%,1124,14.6,6,53,54.3,63,8.9,5.1,74.9,0
14,Christian Kirk,JAX,26,WR,17,17,133,84,63.20%,1108,13.2,8,55,52.6,49,8.3,4.9,65.2,1
15,Garrett Wilson,NYJ,22,WR,17,12,147,83,56.50%,1103,13.3,4,56,47.6,60,7.5,4.9,64.9,2
16,D.K. Metcalf,SEA,25,WR,17,17,141,90,63.80%,1048,11.6,6,47,49.6,54,7.4,5.3,61.6,2
17,Ja'Marr Chase*,CIN,22,WR,12,12,134,87,64.90%,1046,12,9,58,55.2,60,7.8,7.3,87.2,2
18,Chris Olave,NOR,22,WR,15,9,119,72,60.50%,1042,14.5,4,48,53.8,53,8.8,4.8,69.5,2
19,Tyler Lockett,SEA,30,WR,16,16,117,84,71.80%,1033,12.3,9,50,60.7,40,8.8,5.3,64.6,2
20,Tee Higgins,CIN,23,WR,16,14,109,74,67.90%,1029,13.9,7,47,59.6,59,9.4,4.6,64.3,0
21,Chris Godwin,TAM,26,WR,15,13,142,104,73.20%,1023,9.8,3,53,60.6,44,7.2,6.9,68.2,2
22,Brandon Aiyuk,SFO,24,WR,17,17,114,78,68.40%,1015,13,8,47,59.6,54,8.9,4.6,59.7,1
23,Jerry Jeudy,DEN,23,WR,15,14,100,67,67.00%,972,14.5,6,41,52,67,9.7,4.5,64.8,0
24,JuJu Smith-Schuster,KAN,26,WR,16,14,101,78,77.20%,933,12,3,47,67.3,53,9.2,4.9,58.3,3
25,Michael Pittman Jr.,IND,25,WR,16,16,141,99,70.20%,925,9.3,4,51,53.9,28,6.6,6.2,57.8,2
26,T.J. Hockenson*,2TM,25,TE,17,14,129,86,66.70%,914,10.6,6,44,47.3,81,7.1,5.1,53.8,1
27,Mike Williams,LAC,28,WR,13,13,93,63,67.70%,895,14.2,4,39,59.1,55,9.6,4.8,68.8,0
28,D.J. Moore,CAR,25,WR,17,17,118,63,53.40%,888,14.1,7,44,43.2,62,7.5,3.7,52.2,0
29,Diontae Johnson,PIT,26,WR,17,17,147,86,58.50%,882,10.3,0,45,49,37,6,5.1,51.9,1
30,Drake London,ATL,21,WR,17,15,117,72,61.50%,866,12,4,48,56.4,40,7.4,4.2,50.9,3
31,Mark Andrews*,BAL,27,TE,15,15,113,73,64.60%,847,11.6,5,48,56.6,36,7.5,4.9,56.5,1
32,Donovan Peoples-Jones,CLE,23,WR,17,14,96,61,63.50%,839,13.8,3,33,50,42,8.7,3.6,49.4,1
33,Gabriel Davis,BUF,23,WR,15,15,93,48,51.60%,836,17.4,7,35,51.6,98,9,3.2,55.7,1
34,Courtland Sutton,DEN,27,WR,15,15,109,64,58.70%,829,13,2,38,46.8,51,7.6,4.3,55.3,0
35,Zay Jones,JAX,27,WR,16,15,121,82,67.80%,823,10,5,44,54.5,59,6.8,5.1,51.4,0
36,Cooper Kupp,LAR,29,WR,9,9,98,75,76.50%,812,10.8,6,42,62.2,75,8.3,8.3,90.2,2
37,Jakobi Meyers,NWE,26,WR,14,13,96,67,69.80%,804,12,6,38,56.3,48,8.4,4.8,57.4,2
38,George Pickens,PIT,21,WR,17,12,84,52,61.90%,801,15.4,4,38,48.8,42,9.5,3.1,47.1,0
39,Allen Lazard,GNB,27,WR,15,15,100,60,60.00%,788,13.1,6,45,55,47,7.9,4,52.5,0
40,Josh Palmer,LAC,23,WR,16,11,107,72,67.30%,769,10.7,3,39,55.1,50,7.2,4.5,48.1,1
41,Evan Engram,JAX,28,TE,17,14,98,73,74.50%,766,10.5,4,33,55.1,36,7.8,4.3,45.1,0
42,George Kittle*,SFO,29,TE,15,15,86,60,69.80%,765,12.8,11,36,58.1,54,8.9,4,51,1
43,Tyler Boyd,CIN,28,WR,16,14,82,58,70.70%,762,13.1,5,42,62.2,60,9.3,3.6,47.6,0
44,Keenan Allen,LAC,30,WR,10,10,89,66,74.20%,752,11.4,4,39,56.2,46,8.4,6.6,75.2,1
45,Christian McCaffrey*,2TM,26,RB,17,16,108,85,78.70%,741,8.7,5,36,52.8,49,6.9,5,43.6,1
46,Pat Freiermuth,PIT,24,TE,16,8,98,63,64.30%,732,11.6,2,37,53.1,57,7.5,3.9,45.8,0
47,Darius Slayton,NYG,25,WR,16,11,71,46,64.80%,724,15.7,2,30,57.7,55,10.2,2.9,45.3,2
48,Austin Ekeler,LAC,27,RB,17,17,127,107,84.30%,722,6.7,5,36,48,23,5.7,6.3,42.5,5
49,DeAndre Hopkins,ARI,30,WR,9,9,96,64,66.70%,717,11.2,3,35,54.2,33,7.5,7.1,79.7,2
50,Adam Thielen,MIN,32,WR,17,17,107,70,65.40%,716,10.2,6,45,49.5,36,6.7,4.1,42.1,0
51,Marquise Brown,ARI,25,WR,12,10,107,67,62.60%,709,10.6,3,33,44.9,47,6.6,5.6,59.1,1
52,Dallas Goedert,PHI,27,TE,12,12,69,55,79.70%,702,12.8,3,40,69.6,31,10.2,4.6,58.5,1
53,Brandin Cooks,HOU,29,WR,13,13,93,57,61.30%,699,12.3,3,29,47.3,44,7.5,4.4,53.8,0
54,Mack Hollins,LVR,29,WR,17,16,94,57,60.60%,690,12.1,4,34,51.1,60,7.3,3.4,40.6,0
55,Marquez Valdes-Scantling,KAN,28,WR,17,11,81,42,51.90%,687,16.4,2,32,48.1,57,8.5,2.5,40.4,0
56,Curtis Samuel,WAS,26,WR,17,12,92,64,69.60%,656,10.3,4,36,46.7,49,7.1,3.8,38.6,1
57,K.J. Osborn,MIN,25,WR,17,9,90,60,66.70%,650,10.8,5,32,58.9,66,7.2,3.5,38.2,1
58,Deebo Samuel,SFO,26,WR,13,12,94,56,59.60%,632,11.3,2,25,47.9,57,6.7,4.3,48.6,3
59,David Njoku,CLE,26,TE,14,14,80,58,72.50%,628,10.8,4,36,61.3,38,7.9,4.1,44.9,1
60,Parris Campbell,IND,25,WR,17,16,91,63,69.20%,623,9.9,3,32,54.9,49,6.8,3.7,36.6,1
61,Tyler Higbee,LAR,29,TE,17,17,108,72,66.70%,620,8.6,3,32,51.9,26,5.7,4.2,36.5,0
62,Kalif Raymond,DET,28,WR,17,7,64,47,73.40%,616,13.1,0,24,56.3,56,9.6,2.8,36.2,3
63,Christian Watson,GNB,23,WR,14,11,66,41,62.10%,611,14.9,7,28,50,63,9.3,2.9,43.6,0
64,Alec Pierce,IND,22,WR,16,12,78,41,52.60%,593,14.5,2,28,46.2,47,7.6,2.6,37.1,1
65,Dalton Schultz,DAL,26,TE,15,15,89,57,64.00%,577,10.1,5,27,55.1,30,6.5,3.8,38.5,1
66,Richie James,NYG,27,WR,17,4,70,57,81.40%,569,10,4,29,61.4,33,8.1,3.4,33.5,3
67,Gerald Everett,LAC,28,TE,16,11,87,58,66.70%,555,9.6,4,29,48.3,26,6.4,3.6,34.7,0
68,Noah Brown,DAL,26,WR,16,13,74,43,58.10%,555,12.9,3,25,48.6,51,7.5,2.7,34.7,1
69,Tyler Conklin,NYJ,27,TE,17,16,87,58,66.70%,552,9.5,3,25,44.8,30,6.3,3.4,32.5,2
70,Chris Moore,HOU,29,WR,16,7,74,48,64.90%,548,11.4,2,24,47.3,52,7.4,3,34.3,0
71,Cole Kmet,CHI,23,TE,17,17,69,50,72.50%,544,10.9,7,27,59.4,50,7.9,2.9,32,1
72,DeVante Parker,NWE,29,WR,13,11,47,31,66.00%,539,17.4,3,25,59.6,43,11.5,2.4,41.5,0
73,DeAndre Carter,LAC,29,WR,17,7,65,46,70.80%,538,11.7,3,29,53.8,35,8.3,2.7,31.6,3
74,Corey Davis,NYJ,27,WR,13,10,64,32,50.00%,536,16.8,2,28,48.4,66,8.4,2.5,41.2,0
75,Olamide Zaccheaus,ATL,25,WR,17,13,61,40,65.60%,533,13.3,3,25,52.5,45,8.7,2.4,31.4,1
76,Marvin Jones,JAX,32,WR,16,10,81,46,56.80%,529,11.5,3,29,51.9,37,6.5,2.9,33.1,0
77,Robert Woods,TEN,30,WR,17,15,91,53,58.20%,527,9.9,2,31,50.5,41,5.8,3.1,31,1
78,Leonard Fournette,TAM,27,RB,16,9,83,73,88.00%,523,7.2,3,26,55.4,44,6.3,4.6,32.7,0
79,Jahan Dotson,WAS,22,WR,12,10,61,35,57.40%,523,14.9,7,26,50.8,61,8.6,2.9,43.6,0
80,Dawson Knox*,BUF,26,TE,15,15,65,48,73.80%,517,10.8,6,25,60,45,8,3.2,34.5,0
81,Jerick McKinnon,KAN,30,RB,17,0,71,56,78.90%,512,9.1,9,28,54.9,56,7.2,3.3,30.1,1
82,Hunter Henry,NWE,28,TE,17,14,59,41,69.50%,509,12.4,2,23,50.8,39,8.6,2.4,29.9,0
83,Juwan Johnson,NOR,26,TE,16,12,65,42,64.60%,508,12.1,7,25,52.3,41,7.8,2.6,31.8,0
84,DJ Chark,DET,26,WR,11,10,52,30,57.70%,502,16.7,3,24,51.9,51,9.7,2.7,45.6,0
85,Jordan Akins,HOU,30,TE,15,3,54,37,68.50%,495,13.4,5,23,53.7,46,9.2,2.5,33,1
86,Darnell Mooney,CHI,25,WR,12,12,61,40,65.60%,493,12.3,2,20,45.9,56,8.1,3.3,41.1,0
87,Alvin Kamara,NOR,27,RB,15,13,77,57,74.00%,490,8.6,2,17,46.8,54,6.4,3.8,32.7,4
88,Terrace Marshall Jr.,CAR,22,WR,14,9,47,28,59.60%,490,17.5,1,24,53.2,43,10.4,2,35,2
89,Rashid Shaheed,NOR,24,WR,12,6,34,28,82.40%,488,17.4,2,18,70.6,68,14.4,2.3,40.7,1
90,Noah Fant,SEA,25,TE,17,16,63,50,79.40%,486,9.7,4,24,54,51,7.7,2.9,28.6,0
91,Nico Collins,HOU,23,WR,10,7,66,37,56.10%,481,13,2,21,42.4,58,7.3,3.7,48.1,0
92,Josh Reynolds,DET,27,WR,14,11,59,38,64.40%,479,12.6,3,25,61,31,8.1,2.7,34.2,0
93,Robert Tonyan,GNB,28,TE,17,3,67,53,79.10%,470,8.9,2,20,53.7,24,7,3.1,27.6,0
94,Greg Dortch,ARI,24,WR,16,4,64,52,81.30%,467,9,2,19,46.9,47,7.3,3.3,29.2,1
95,Demarcus Robinson,BAL,28,WR,17,5,75,48,64.00%,458,9.5,2,23,46.7,31,6.1,2.8,26.9,2
96,Chase Claypool,2TM,24,WR,15,11,79,46,58.20%,451,9.8,1,24,46.8,31,5.7,3.1,30.1,1
97,Chigoziem Okonkwo,TEN,23,TE,17,8,46,32,69.60%,450,14.1,3,22,50,48,9.8,1.9,26.5,0
98,Elijah Moore,NYJ,22,WR,16,9,65,37,56.90%,446,12.1,1,22,44.6,42,6.9,2.3,27.9,1
99,Austin Hooper,TEN,28,TE,17,2,60,41,68.30%,444,10.8,2,28,60,24,7.4,2.4,26.1,0
100,Treylon Burks,TEN,22,WR,11,6,54,33,61.10%,444,13.5,1,19,50,51,8.2,3,40.4,0
101,Joe Mixon,CIN,26,RB,14,14,75,60,80.00%,441,7.4,2,17,50.7,35,5.9,4.3,31.5,0
102,Kendrick Bourne,NWE,27,WR,16,2,48,35,72.90%,434,12.4,1,22,54.2,41,9,2.2,27.1,2
103,Russell Gage,TAM,26,WR,13,4,70,51,72.90%,426,8.4,5,31,62.9,23,6.1,3.9,32.8,1
104,Romeo Doubs,GNB,22,WR,13,7,67,42,62.70%,425,10.1,3,20,46.3,26,6.3,3.2,32.7,2
105,Michael Gallup,DAL,26,WR,14,11,74,39,52.70%,424,10.9,4,25,44.6,27,5.7,2.8,30.3,0
106,Isaiah McKenzie,BUF,27,WR,15,8,65,42,64.60%,423,10.1,4,27,58.5,30,6.5,2.8,28.2,0
107,Rhamondre Stevenson,NWE,24,RB,17,7,88,69,78.40%,421,6.1,1,13,39.8,40,4.8,4.1,24.8,4
108,Foster Moreau,LVR,25,TE,15,14,54,33,61.10%,420,12.7,2,24,51.9,33,7.8,2.2,28,1
109,Randall Cobb,GNB,32,WR,13,3,50,34,68.00%,417,12.3,1,19,56,40,8.3,2.6,32.1,1
110,Trent Sherfield,MIA,26,WR,17,4,51,30,58.80%,417,13.9,2,18,45.1,75,8.2,1.8,24.5,0
111,Jauan Jennings,SFO,25,WR,16,4,56,35,62.50%,416,11.9,1,23,55.4,44,7.4,2.2,26,1
112,Hayden Hurst,CIN,29,TE,13,13,68,52,76.50%,414,8,2,26,61.8,29,6.1,4,31.8,0
113,Rondale Moore,ARI,22,WR,8,8,56,41,73.20%,414,10.1,1,16,46.4,38,7.4,5.1,51.8,0
114,Greg Dulcich,DEN,22,TE,10,6,55,33,60.00%,411,12.5,2,18,50.9,39,7.5,3.3,41.1,0
115,Devin Duvernay*,BAL,25,WR,14,13,49,37,75.50%,407,11,3,19,59.2,31,8.3,2.6,29.1,1
116,Zach Ertz,ARI,32,TE,10,10,69,47,68.10%,406,8.6,4,24,55.1,32,5.9,4.7,40.6,0
117,Josh Jacobs*+,LVR,24,RB,17,17,64,53,82.80%,400,7.5,0,16,50,43,6.3,3.1,23.5,3
118,Derrick Henry*,TEN,28,RB,16,16,41,33,80.50%,398,12.1,0,11,61,69,9.7,2.1,24.9,6
119,Nick Westbrook-Ikhine,TEN,25,WR,17,13,50,25,50.00%,397,15.9,3,18,40,63,7.9,1.5,23.4,0
120,Aaron Jones,GNB,28,RB,17,17,72,59,81.90%,395,6.7,5,19,44.4,30,5.5,3.5,23.2,5
121,Isaiah Hodgins,2TM,24,WR,10,5,48,37,77.10%,392,10.6,4,24,62.5,29,8.2,3.7,39.2,1
122,Cade Otton,TAM,23,TE,16,11,65,42,64.60%,391,9.3,2,19,52.3,35,6,2.6,24.4,0
123,D'Andre Swift,DET,23,RB,14,8,70,48,68.60%,389,8.1,3,17,38.6,25,5.6,3.4,27.8,1
124,Darren Waller,LVR,30,TE,9,6,43,28,65.10%,388,13.9,3,18,46.5,34,9,3.1,43.1,0
125,Marquise Goodwin,SEA,32,WR,13,2,42,27,64.30%,387,14.3,4,18,54.8,38,9.2,2.1,29.8,0
126,Ben Skowronek,LAR,25,WR,14,11,61,39,63.90%,376,9.6,0,16,49.2,32,6.2,2.8,26.9,0
127,Isaiah Likely,BAL,22,TE,16,2,60,36,60.00%,373,10.4,3,18,35,34,6.2,2.3,23.3,0
128,Tony Pollard*,DAL,25,RB,16,4,55,39,70.90%,371,9.5,3,18,47.3,68,6.7,2.4,23.2,0
129,Van Jefferson,LAR,26,WR,11,9,44,24,54.50%,369,15.4,3,20,50,39,8.4,2.2,33.5,0
130,Mike Gesicki,MIA,27,TE,17,1,52,32,61.50%,362,11.3,5,19,48.1,32,7,1.9,21.3,0
131,Nelson Agholor,NWE,29,WR,16,7,53,31,58.50%,362,11.7,2,12,37.7,44,6.8,1.9,22.6,2
132,Kyle Pitts,ATL,22,TE,10,10,59,28,47.50%,356,12.7,2,20,42.4,33,6,2.8,35.6,0
133,Quez Watkins,PHI,24,WR,17,8,51,33,64.70%,354,10.7,3,13,37.3,53,6.9,1.9,20.8,1
134,Antonio Gibson,WAS,24,RB,15,6,58,46,79.30%,353,7.7,2,18,46.6,26,6.1,3.1,23.5,1
135,Will Dissly,SEA,26,TE,15,15,38,34,89.50%,349,10.3,3,20,73.7,38,9.2,2.3,23.3,0
136,Allen Robinson,LAR,29,WR,10,10,52,33,63.50%,339,10.3,3,23,53.8,29,6.5,3.3,33.9,0
137,Saquon Barkley*,NYG,25,RB,16,16,76,57,75.00%,338,5.9,0,10,38.2,41,4.4,3.6,21.1,1
138,Hunter Renfrow,LVR,27,WR,10,1,50,36,72.00%,330,9.2,2,18,52,27,6.6,3.6,33,3
139,Sammy Watkins,2TM,29,WR,12,5,27,16,59.30%,325,20.3,0,11,59.3,55,12,1.3,27.1,1
140,Logan Thomas,WAS,31,TE,14,13,61,39,63.90%,323,8.3,1,15,45.9,27,5.3,2.8,23.1,0
141,Equanimeous St. Brown,CHI,26,WR,16,16,38,21,55.30%,323,15.4,1,14,44.7,56,8.5,1.3,20.2,1
142,Colby Parkinson,SEA,23,TE,17,2,34,25,73.50%,322,12.9,2,14,61.8,39,9.5,1.5,18.9,0
143,Travis Etienne,JAX,23,RB,17,12,45,35,77.80%,316,9,0,16,44.4,30,7,2.1,18.6,5
144,David Montgomery,CHI,25,RB,16,16,40,34,85.00%,316,9.3,1,10,50,32,7.9,2.1,19.8,2
145,Justin Watson,KAN,27,WR,17,5,34,15,44.10%,315,21,2,12,44.1,67,9.3,0.9,18.5,0
146,Jelani Woods,IND,24,TE,15,2,40,25,62.50%,312,12.5,3,16,45,36,7.8,1.7,20.8,1
147,Kendall Hinton,DEN,25,WR,12,5,33,24,72.70%,311,13,0,14,54.5,35,9.4,2,25.9,0
148,Kylen Granson,IND,24,TE,13,4,40,31,77.50%,302,9.7,0,17,52.5,32,7.6,2.4,23.2,1
149,James Conner,ARI,27,RB,13,13,58,46,79.30%,300,6.5,1,13,44.8,22,5.2,3.5,23.1,3
150,Noah Gray,KAN,23,TE,17,8,34,28,82.40%,299,10.7,1,14,64.7,27,8.8,1.6,17.6,0
151,Julio Jones,TAM,33,WR,10,5,43,24,55.80%,299,12.5,2,13,41.9,48,7,2.4,29.9,0
152,Tutu Atwell,LAR,23,WR,13,4,35,18,51.40%,298,16.6,1,11,40,62,8.5,1.4,22.9,0
153,Mecole Hardman,KAN,24,WR,8,5,34,25,73.50%,297,11.9,4,14,61.8,36,8.7,3.1,37.1,1
154,Shi Smith,CAR,24,WR,17,6,41,22,53.70%,296,13.5,2,14,41.5,38,7.2,1.3,17.4,4
155,Dalvin Cook*,MIN,27,RB,17,17,56,39,69.60%,295,7.6,2,16,41.1,64,5.3,2.3,17.4,4
156,Rachaad White,TAM,23,RB,17,8,58,50,86.20%,290,5.8,2,13,53.4,20,5,2.9,17.1,3
157,Michael Carter,NYJ,23,RB,16,10,54,41,75.90%,288,7,0,12,46.3,37,5.3,2.6,18,2
158,Samaje Perine,CIN,27,RB,16,2,51,38,74.50%,287,7.6,4,11,41.2,32,5.6,2.4,17.9,0
159,Rashod Bateman,BAL,23,WR,6,5,28,15,53.60%,285,19,2,7,42.9,75,10.2,2.5,47.5,1
160,Robbie Chosen,2TM,29,WR,16,7,44,20,45.50%,282,14.1,1,10,34.1,75,6.4,1.3,17.6,1
161,Devin Singletary,BUF,25,RB,16,16,52,38,73.10%,280,7.4,1,15,53.8,22,5.4,2.4,17.5,3
162,Tre'Quan Smith,NOR,26,WR,15,6,27,19,70.40%,278,14.6,1,14,66.7,48,10.3,1.3,18.5,0
163,Laviska Shenault Jr.,CAR,24,WR,13,4,32,27,84.40%,272,10.1,1,10,50,67,8.5,2.1,20.9,0
164,Jarvis Landry,NOR,30,WR,9,3,39,25,64.10%,272,10.9,1,12,48.7,40,7,2.8,30.2,1
165,Daniel Bellinger,NYG,22,TE,12,11,35,30,85.70%,268,8.9,2,14,68.6,24,7.7,2.5,22.3,1
166,Damiere Byrd,ATL,29,WR,14,4,23,13,56.50%,268,20.6,2,9,47.8,75,11.7,0.9,19.1,0
167,Trey McBride,ARI,23,TE,16,13,39,29,74.40%,265,9.1,1,12,46.2,29,6.8,1.8,16.6,1
168,Phillip Dorsett,HOU,29,WR,15,4,40,20,50.00%,257,12.9,1,11,42.5,34,6.4,1.3,17.1,0
169,Skyy Moore,KAN,22,WR,16,3,33,22,66.70%,250,11.4,0,13,63.6,30,7.6,1.4,15.6,3
170,Tyquan Thornton,NWE,22,WR,13,9,45,22,48.90%,247,11.2,2,13,40,29,5.5,1.7,19,0
171,Jonnu Smith,NWE,27,TE,14,8,38,27,71.10%,245,9.1,0,9,47.4,53,6.4,1.9,17.5,1
172,Dante Pettis,CHI,27,WR,17,7,41,19,46.30%,245,12.9,3,9,31.7,51,6,1.1,14.4,1
173,Ray-Ray McCloud,SFO,26,WR,17,2,25,14,56.00%,243,17.4,1,11,52,42,9.7,0.8,14.3,2
174,Nyheim Hines,2TM,26,RB,16,5,37,30,81.10%,241,8,1,11,56.8,22,6.5,1.9,15.1,2
175,Harrison Bryant,CLE,24,TE,17,9,42,31,73.80%,239,7.7,1,12,52.4,30,5.7,1.8,14.1,0
176,Nick Chubb*,CLE,27,RB,17,17,37,27,73.00%,239,8.9,1,12,51.4,26,6.5,1.6,14.1,1
177,A.J. Green,ARI,34,WR,15,10,47,24,51.10%,236,9.8,2,11,36.2,77,5,1.6,15.7,0
178,C.J. Uzomah,NYJ,29,TE,15,13,27,21,77.80%,232,11,2,10,51.9,40,8.6,1.4,15.5,0
179,Trenton Irwin,CIN,27,WR,9,2,23,15,65.20%,231,15.4,4,12,65.2,45,10,1.7,25.7,0
180,Najee Harris,PIT,24,RB,17,17,53,41,77.40%,229,5.6,3,16,49.1,19,4.3,2.4,13.5,3
181,Wan'Dale Robinson,NYG,21,WR,6,3,31,23,74.20%,227,9.9,1,13,61.3,19,7.3,3.8,37.8,0
182,Melvin Gordon,DEN,29,RB,10,6,32,25,78.10%,223,8.9,0,11,46.9,24,7,2.5,22.3,5
183,Breece Hall,NYJ,21,RB,7,2,31,19,61.30%,218,11.5,1,8,35.5,79,7,2.7,31.1,1
184,Brock Wright,DET,24,TE,17,10,24,18,75.00%,216,12,4,13,62.5,51,9,1.1,12.7,0
185,Jaylen Warren,PIT,24,RB,16,0,33,28,84.80%,214,7.6,0,14,51.5,26,6.5,1.8,13.4,1
186,David Bell,CLE,22,WR,16,3,35,24,68.60%,214,8.9,0,7,40,20,6.1,1.5,13.4,0
187,Ameer Abdullah,LVR,29,RB,17,0,32,25,78.10%,211,8.4,1,8,34.4,23,6.6,1.5,12.4,0
188,Kareem Hunt,CLE,27,RB,17,0,44,35,79.50%,210,6,1,11,38.6,24,4.8,2.1,12.4,1
189,Deon Jackson,IND,23,RB,16,2,34,30,88.20%,209,7,1,10,47.1,27,6.1,1.9,13.1,1
190,Adam Trautman,NOR,25,TE,15,12,22,18,81.80%,207,11.5,1,9,59.1,22,9.4,1.2,13.8,0
191,Ashton Dulin,IND,25,WR,12,2,22,15,68.20%,207,13.8,1,12,63.6,39,9.4,1.3,17.3,0
192,AJ Dillon,GNB,24,RB,17,3,43,28,65.10%,206,7.4,0,9,39.5,17,4.8,1.6,12.1,1
193,Rex Burkhead,HOU,32,RB,16,0,51,37,72.50%,204,5.5,1,8,29.4,17,4,2.3,12.8,0
194,Amari Rodgers,2TM,23,WR,16,1,25,16,64.00%,204,12.8,1,12,48,37,8.2,1,12.8,6
195,Raheem Mostert,MIA,30,RB,16,14,42,31,73.80%,202,6.5,2,11,47.6,25,4.8,1.9,12.6,1
196,KhaDarel Hodge,ATL,27,WR,17,1,20,13,65.00%,202,15.5,1,7,55,39,10.1,0.8,11.9,0
197,Kyle Juszczyk*,SFO,31,FB,16,12,23,19,82.60%,200,10.5,1,9,56.5,35,8.7,1.2,12.5,0
198,Ian Thomas,CAR,26,TE,17,17,30,21,70.00%,197,9.4,0,8,53.3,50,6.6,1.2,11.6,0
199,Eno Benjamin,3TM,23,RB,15,3,34,25,73.50%,193,7.7,0,10,44.1,22,5.7,1.7,12.9,0
200,Mo Alie-Cox,IND,29,TE,17,11,28,19,67.90%,189,9.9,3,9,50,34,6.8,1.1,11.1,1
201,Jamal Agnew*,JAX,27,WR,15,0,30,23,76.70%,187,8.1,3,9,53.3,24,6.2,1.5,12.5,0
202,Denzel Mims,NYJ,25,WR,10,4,25,11,44.00%,186,16.9,0,7,36,63,7.4,1.1,18.6,0
203,Scott Miller,TAM,25,WR,15,1,40,23,57.50%,185,8,0,8,47.5,23,4.6,1.5,12.3,0
204,Jeff Wilson,2TM,27,RB,16,7,37,22,59.50%,185,8.4,1,7,35.1,16,5,1.4,11.6,3
205,Irv Smith Jr.,MIN,24,TE,8,1,36,25,69.40%,182,7.3,2,9,44.4,17,5.1,3.1,22.8,1
206,James Cook,BUF,23,RB,16,0,32,21,65.60%,180,8.6,1,5,46.9,41,5.6,1.3,11.3,1
207,Jalen Nailor,MIN,23,WR,15,0,13,9,69.20%,179,19.9,1,7,69.2,47,13.8,0.6,11.9,0
208,Dontrell Hilliard,TEN,27,RB,12,1,26,21,80.80%,177,8.4,4,8,38.5,31,6.8,1.8,14.8,0
209,Cameron Brate,TAM,31,TE,11,1,38,20,52.60%,174,8.7,0,8,28.9,21,4.6,1.8,15.8,0
210,Jake Ferguson,DAL,23,TE,16,8,22,19,86.40%,174,9.2,2,8,63.6,30,7.9,1.2,10.9,0
211,Tommy Tremble,CAR,22,TE,17,4,32,19,59.40%,174,9.2,3,9,43.8,29,5.4,1.1,10.2,1
212,J.D. McKissic,WAS,29,RB,8,0,40,27,67.50%,173,6.4,0,7,42.5,14,4.3,3.4,21.6,0
213,Michael Thomas,NOR,29,WR,3,3,22,16,72.70%,171,10.7,3,13,72.7,21,7.8,5.3,57,0
214,Kadarius Toney,2TM,23,WR,9,4,20,16,80.00%,171,10.7,2,8,55,38,8.6,1.8,19,1
215,Chuba Hubbard,CAR,23,RB,15,2,17,14,82.40%,171,12.2,0,5,47.1,45,10.1,0.9,11.4,2
216,Kenneth Gainwell,PHI,23,RB,17,0,29,23,79.30%,169,7.3,0,7,41.4,20,5.8,1.4,9.9,0
217,Dameon Pierce,HOU,22,RB,13,13,39,30,76.90%,165,5.5,1,7,43.6,16,4.2,2.3,12.7,4
218,Kenneth Walker III,SEA,22,RB,15,11,35,27,77.10%,165,6.1,0,6,37.1,33,4.7,1.8,11,0
219,KJ Hamler,DEN,23,WR,7,0,14,7,50.00%,165,23.6,0,3,35.7,55,11.8,1,23.6,0
220,Khalil Shakir,BUF,22,WR,14,2,20,10,50.00%,161,16.1,1,7,40,31,8.1,0.7,11.5,0
221,Marquez Callaway,NOR,24,WR,14,3,32,16,50.00%,158,9.9,1,11,43.8,33,4.9,1.1,11.3,0
222,Chase Edmonds,2TM,26,RB,13,3,24,16,66.70%,157,9.8,1,7,41.7,27,6.5,1.2,12.1,0
223,Travis Homer,SEA,24,RB,10,1,18,16,88.90%,157,9.8,1,7,50,27,8.7,1.6,15.7,1
224,Brandon Powell,LAR,27,WR,17,6,32,24,75.00%,156,6.5,0,7,40.6,16,4.9,1.4,9.2,1
225,Sterling Shepard,NYG,29,WR,3,2,24,13,54.20%,154,11.8,1,4,29.2,65,6.4,4.3,51.3,0
226,DeSean Jackson,BAL,36,WR,7,1,17,9,52.90%,153,17,0,5,47.1,62,9,1.3,21.9,0
227,Clyde Edwards-Helaire,KAN,23,RB,10,6,23,17,73.90%,151,8.9,3,11,60.9,25,6.6,1.7,15.1,0
228,Connor Heyward,PIT,23,TE,17,0,17,12,70.60%,151,12.6,1,6,58.8,45,8.9,0.7,8.9,0
229,MyCole Pruitt,ATL,30,TE,13,4,21,16,76.20%,150,9.4,4,10,61.9,29,7.1,1.2,11.5,0
230,Zach Pascal,PHI,28,WR,17,2,19,15,78.90%,150,10,1,9,63.2,34,7.9,0.9,8.8,0
231,Josh Oliver,BAL,25,TE,17,9,25,14,56.00%,149,10.6,2,7,48,40,6,0.8,8.8,0
232,Eric Saubert,DEN,28,TE,17,6,24,15,62.50%,148,9.9,1,6,37.5,25,6.2,0.9,8.7,0
233,Braxton Berrios,NYJ,27,WR,17,2,32,18,56.30%,145,8.1,0,8,34.4,25,4.5,1.1,8.5,1
234,O.J. Howard,HOU,28,TE,13,10,23,10,43.50%,145,14.5,2,6,34.8,26,6.3,0.8,11.2,0
235,Jonathan Taylor,IND,23,RB,11,11,40,28,70.00%,143,5.1,0,4,32.5,19,3.6,2.5,13,3
236,Dyami Brown,WAS,23,WR,15,0,14,5,35.70%,143,28.6,2,5,35.7,75,10.2,0.3,9.5,0
237,Keelan Cole,LVR,29,WR,14,3,21,10,47.60%,141,14.1,1,8,47.6,30,6.7,0.7,10.1,1
238,Tom Kennedy,DET,26,WR,7,1,15,8,53.30%,141,17.6,0,7,53.3,44,9.4,1.1,20.1,0
239,Johnny Mundt,MIN,28,TE,17,12,21,19,90.50%,140,7.4,1,9,66.7,17,6.7,1.1,8.2,0
240,Mitchell Wilcox,CIN,26,TE,16,4,18,17,94.40%,139,8.2,1,6,66.7,19,7.7,1.1,8.7,0
241,Tyler Allgeier,ATL,22,RB,16,7,17,16,94.10%,139,8.7,1,8,58.8,26,8.2,1,8.7,0
242,Cedrick Wilson Jr.,MIA,27,WR,15,0,18,12,66.70%,136,11.3,0,8,61.1,21,7.6,0.8,9.1,0
243,Byron Pringle,CHI,29,WR,11,4,16,10,62.50%,135,13.5,2,8,56.3,35,8.4,0.9,12.3,0
244,Dan Arnold,JAX,27,TE,17,0,13,9,69.20%,135,15,0,5,53.8,26,10.4,0.5,7.9,0
245,Jeff Smith,NYJ,25,WR,11,0,11,8,72.70%,134,16.8,0,5,63.6,50,12.2,0.7,12.2,0
246,Latavius Murray,2TM,32,RB,13,7,35,27,77.10%,132,4.9,0,4,25.7,15,3.8,2.1,10.2,1
247,Zach Gentry,PIT,26,TE,17,13,23,19,82.60%,132,6.9,0,6,39.1,32,5.7,1.1,7.8,0
248,Tanner Hudson,NYG,28,TE,11,0,15,10,66.70%,132,13.2,0,8,60,27,8.8,0.9,12,0
249,Isiah Pacheco,KAN,23,RB,17,11,14,13,92.90%,130,10,0,7,64.3,32,9.3,0.8,7.6,4
250,Donald Parham,LAC,25,TE,6,1,12,10,83.30%,130,13,1,5,83.3,24,10.8,1.7,21.7,0
251,Durham Smythe,MIA,27,TE,16,15,20,15,75.00%,129,8.6,1,7,55,26,6.5,0.9,8.1,0
252,Brevin Jordan,HOU,22,TE,11,3,28,14,50.00%,128,9.1,0,7,39.3,20,4.6,1.3,11.6,0
253,Jamycal Hasty,JAX,26,RB,17,0,26,20,76.90%,126,6.3,1,7,30.8,28,4.8,1.2,7.4,0
254,DeeJay Dallas,SEA,24,RB,15,0,19,17,89.50%,126,7.4,0,5,57.9,41,6.6,1.1,8.4,1
255,Jack Stoll,PHI,24,TE,17,11,14,11,78.60%,123,11.2,0,5,71.4,26,8.8,0.6,7.2,0
256,Cordarrelle Patterson,ATL,31,RB,13,11,31,21,67.70%,122,5.8,0,6,38.7,16,3.9,1.6,9.4,1
257,T.Y. Hilton,DAL,33,WR,3,0,10,7,70.00%,121,17.3,0,5,60,52,12.1,2.3,40.3,0
258,Matt Breida,NYG,27,RB,17,1,25,20,80.00%,118,5.9,0,5,36,16,4.7,1.2,6.9,0
259,Lawrence Cager,2TM,25,WR,7,4,19,13,68.40%,118,9.1,1,8,52.6,20,6.2,1.9,16.9,0
260,Cam Akers,LAR,23,RB,15,9,18,13,72.20%,117,9,0,8,50,18,6.5,0.9,7.8,2
261,Pharaoh Brown,2TM,28,TE,16,8,20,12,60.00%,117,9.8,0,6,40,30,5.9,0.8,7.3,0
262,Craig Reynolds,DET,26,RB,9,0,10,9,90.00%,116,12.9,0,5,70,36,11.6,1,12.9,0
263,N'Keal Harry,CHI,25,WR,7,0,9,7,77.80%,116,16.6,1,4,77.8,49,12.9,1,16.6,0
264,Josiah Deguara,GNB,25,TE,17,3,15,13,86.70%,114,8.8,0,4,80,25,7.6,0.8,6.7,0
265,James Mitchell,DET,23,TE,14,0,11,11,100.00%,113,10.3,1,7,100,22,10.3,0.8,8.1,0
266,Teagan Quitoriano,HOU,22,TE,9,6,14,7,50.00%,113,16.1,2,5,42.9,52,8.1,0.8,12.6,0
267,Breshad Perriman,TAM,29,WR,11,3,19,9,47.40%,110,12.2,1,5,31.6,28,5.8,0.8,10,2
268,Brycen Hopkins,LAR,25,TE,14,1,11,7,63.60%,109,15.6,0,5,54.5,22,9.9,0.5,7.8,0
269,John Bates,WAS,25,TE,16,7,22,14,63.60%,108,7.7,1,4,50,20,4.9,0.9,6.8,1
270,Jody Fortson,KAN,27,TE,13,1,13,9,69.20%,108,12,2,6,69.2,40,8.3,0.7,8.3,1
271,Velus Jones Jr.,CHI,25,WR,12,2,14,7,50.00%,107,15.3,1,4,28.6,44,7.6,0.6,8.9,3
272,David Sills,NYG,26,WR,9,5,17,11,64.70%,106,9.6,0,7,52.9,24,6.2,1.2,11.8,0
273,Alec Ingold,MIA,26,FB,17,14,23,15,65.20%,105,7,1,4,52.2,17,4.6,0.9,6.2,0
274,Ross Dwelley,SFO,27,TE,12,0,5,3,60.00%,105,35,1,3,60,56,21,0.3,8.8,0
275,Dare Ogunbowale,HOU,28,RB,17,4,26,20,76.90%,104,5.2,0,5,34.6,23,4,1.2,6.1,0
276,Steven Sims,PIT,25,WR,12,2,23,14,60.90%,104,7.4,0,5,43.5,28,4.5,1.2,8.7,3
277,Jalen Reagor,MIN,23,WR,17,0,13,8,61.50%,104,13,1,5,53.8,38,8,0.5,6.1,4
278,Peyton Hendershot,DAL,23,TE,17,2,16,11,68.80%,103,9.4,2,8,50,29,6.4,0.6,6.1,1
279,Darrell Henderson,LAR,25,RB,10,7,22,17,77.30%,102,6,0,5,50,15,4.6,1.7,10.2,0
280,River Cracraft,MIA,28,WR,11,0,14,9,64.30%,102,11.3,2,8,57.1,22,7.3,0.8,9.3,0
281,Joshua Kelley,LAC,25,RB,13,1,25,14,56.00%,101,7.2,0,4,44,22,4,1.1,7.8,0
282,Justin Jackson,DET,26,RB,16,0,19,12,63.20%,101,8.4,1,7,52.6,15,5.3,0.8,6.3,0
283,Zonovan Knight,NYJ,21,RB,7,4,14,13,92.90%,100,7.7,0,5,71.4,16,7.1,1.9,14.3,2
284,Anthony Firkser,ATL,27,FB,11,1,13,9,69.20%,100,11.1,0,5,38.5,22,7.7,0.8,9.1,0
285,Giovanni Ricci,CAR,26,TE,15,3,9,8,88.90%,100,12.5,0,3,55.6,32,11.1,0.5,6.7,0
286,Marcus Johnson,NYG,28,WR,14,7,22,9,40.90%,99,11,0,6,36.4,18,4.5,0.6,7.1,0
287,Marlon Mack,2TM,26,RB,8,0,10,8,80.00%,99,12.4,1,2,40,66,9.9,1,12.4,0
288,Damien Harris,NWE,25,RB,11,9,23,17,73.90%,97,5.7,0,4,43.5,15,4.2,1.5,8.8,0
289,Mike Boone,DEN,27,RB,9,0,15,9,60.00%,96,10.7,0,2,13.3,34,6.4,1,10.7,0
290,Albert Okwuegbunam,DEN,24,TE,8,1,18,10,55.60%,95,9.5,1,4,44.4,25,5.3,1.3,11.9,0
291,Raheem Blackshear,CAR,23,RB,13,1,12,10,83.30%,93,9.3,0,3,50,27,7.8,0.8,7.2,1
292,Ezekiel Elliott,DAL,27,RB,15,14,23,17,73.90%,92,5.4,0,4,39.1,31,4,1.1,6.1,0
293,Alexander Mattison,MIN,24,RB,17,0,18,15,83.30%,91,6.1,1,4,33.3,16,5.1,0.9,5.4,0
294,Kenyan Drake,BAL,28,RB,12,5,26,17,65.40%,89,5.2,1,7,34.6,15,3.4,1.4,7.4,1
295,Michael Bandy,LAC,25,WR,10,2,21,10,47.60%,89,8.9,0,5,33.3,25,4.2,1,8.9,0
296,Parker Hesse,ATL,27,TE,17,7,11,9,81.80%,89,9.9,0,6,81.8,22,8.1,0.5,5.2,0
297,Cam Sims,WAS,26,WR,17,3,18,8,44.40%,89,11.1,0,5,33.3,21,4.9,0.5,5.2,0
298,Ty Johnson,NYJ,25,RB,17,1,24,12,50.00%,88,7.3,0,3,25,16,3.7,0.7,5.2,0
299,C.J. Ham,MIN,29,FB,17,4,12,10,83.30%,86,8.6,0,7,83.3,17,7.2,0.6,5.1,0
300,Quintin Morris,BUF,23,TE,14,1,11,8,72.70%,84,10.5,1,6,63.6,26,7.6,0.6,6,1
301,Samori Toure,GNB,24,WR,11,2,10,5,50.00%,82,16.4,1,2,30,37,8.2,0.5,7.5,1
302,Kenny Golladay,NYG,29,WR,12,4,17,6,35.30%,81,13.5,1,4,35.3,25,4.8,0.5,6.8,0
303,Grant Calcaterra,PHI,24,TE,15,2,9,5,55.60%,81,16.2,0,3,44.4,40,9,0.3,5.4,0
304,Ko Kieft,TAM,24,TE,17,12,10,7,70.00%,80,11.4,1,5,70,19,8,0.4,4.7,0
305,Eric Tomlinson,DEN,30,TE,17,12,13,9,69.20%,79,8.8,2,5,69.2,18,6.1,0.5,4.6,0
306,Miles Sanders*,PHI,25,RB,17,15,26,20,76.90%,78,3.9,0,2,46.2,16,3,1.2,4.6,2
307,Kyle Philips,TEN,23,WR,4,0,13,8,61.50%,78,9.8,0,3,38.5,21,6,2,19.5,2
308,Marcus Jones+,NWE,24,DB,15,4,4,4,100.00%,78,19.5,1,3,75,48,19.5,0.3,5.2,1
309,Taysom Hill,NOR,32,TE/QB,16,8,13,9,69.20%,77,8.6,2,5,46.2,30,5.9,0.6,4.8,2
310,Javonte Williams,DEN,22,RB,4,4,22,16,72.70%,76,4.8,0,4,31.8,13,3.5,4,19,1
311,Kyren Williams,LAR,22,RB,10,0,12,9,75.00%,76,8.4,0,5,58.3,15,6.3,0.9,7.6,0
312,Jalen Virgil,DEN,24,WR,9,1,5,2,40.00%,75,37.5,1,2,40,66,15,0.2,8.3,1
313,Patrick Ricard*,BAL,28,FB,17,16,13,11,84.60%,74,6.7,0,1,61.5,19,5.7,0.6,4.4,0
314,Freddie Swain,2TM,24,WR,4,1,6,4,66.70%,74,18.5,0,3,50,52,12.3,1,18.5,1
315,Kevin White,NOR,30,WR,7,2,5,2,40.00%,74,37,0,2,40,64,14.8,0.3,10.6,0
316,Jamaal Williams,DET,27,RB,17,9,16,12,75.00%,73,6.1,0,4,37.5,17,4.6,0.7,4.3,3
317,Tre' McKitty,LAC,23,TE,17,8,18,10,55.60%,72,7.2,0,0,22.2,12,4,0.6,4.2,1
318,Reggie Gilliam,BUF,25,FB,15,4,10,8,80.00%,69,8.6,1,4,70,14,6.9,0.5,4.6,0
319,Andrew Beck,DEN,26,TE,13,4,11,5,45.50%,69,13.8,0,2,45.5,27,6.3,0.4,5.3,0
320,Mark Ingram,NOR,33,RB,10,3,18,16,88.90%,68,4.3,0,2,33.3,11,3.8,1.6,6.8,2
321,Marcedes Lewis,GNB,38,TE,17,17,7,6,85.70%,66,11,2,5,71.4,31,9.4,0.4,3.9,0
322,Chris Myarick,NYG,27,FB,16,8,8,7,87.50%,65,9.3,1,5,75,23,8.1,0.4,4.1,0
323,Armani Rogers,WAS,25,TE,11,3,6,5,83.30%,64,12.8,0,4,66.7,23,10.7,0.5,5.8,0
324,Jake Kumerow,BUF,30,WR,6,1,7,4,57.10%,64,16,0,4,57.1,39,9.1,0.7,10.7,0
325,Jalen Guyton,LAC,25,WR,3,0,4,2,50.00%,64,32,0,2,50,54,16,0.7,21.3,0
326,Malik Davis,DAL,24,RB,12,0,7,6,85.70%,63,10.5,0,5,85.7,18,9,0.5,5.3,0
327,James Proche,BAL,26,WR,15,0,17,8,47.10%,62,7.8,0,3,41.2,12,3.6,0.5,4.1,0
328,Trent Taylor,CIN,28,WR,16,1,10,6,60.00%,62,10.3,0,1,30,34,6.2,0.4,3.9,2
329,Avery Williams,ATL,24,RB,17,3,14,13,92.90%,61,4.7,0,3,35.7,10,4.4,0.8,3.6,1
330,Shane Zylstra,DET,26,TE,13,2,15,11,73.30%,60,5.5,4,6,46.7,14,4,0.8,4.6,0
331,Brian Robinson Jr.,WAS,23,RB,12,9,12,9,75.00%,60,6.7,1,3,50,18,5,0.8,5,2
332,Jamison Crowder,BUF,29,WR,4,0,13,6,46.20%,60,10,0,4,46.2,16,4.6,1.5,15,1
333,Mike Strachan,IND,25,WR,13,0,9,3,33.30%,59,19.7,0,3,33.3,23,6.6,0.2,4.5,0
334,Justice Hill,BAL,25,RB,15,0,12,12,100.00%,58,4.8,0,2,41.7,15,4.8,0.8,3.9,2
335,Geoff Swaim,TEN,29,TE,17,13,16,12,75.00%,58,4.8,1,4,37.5,13,3.6,0.7,3.4,0
336,D'Wayne Eskridge,SEA,25,WR,10,0,13,7,53.80%,58,8.3,0,4,30.8,16,4.5,0.7,5.8,0
337,Hassan Haskins,TEN,23,RB,15,1,12,11,91.70%,57,5.2,0,2,25,10,4.8,0.7,3.8,0
338,Brandon Bolden,LVR,32,RB,16,0,9,9,100.00%,57,6.3,1,2,44.4,18,6.3,0.6,3.6,0
339,Khalil Herbert,CHI,24,RB,13,1,12,9,75.00%,57,6.3,1,2,16.7,25,4.8,0.7,4.4,0
340,Tyler Kroft,SFO,30,TE,11,4,5,4,80.00%,57,14.3,0,2,80,28,11.4,0.4,5.2,0
341,Nick Vannett,2TM,29,TE,9,3,9,6,66.70%,55,9.2,0,1,55.6,15,6.1,0.7,6.1,0
342,Corey Clement,ARI,28,RB,9,1,7,5,71.40%,54,10.8,0,3,42.9,21,7.7,0.6,6,0
343,Cody Hollister,TEN,29,WR,11,3,5,3,60.00%,54,18,0,2,40,27,10.8,0.3,4.9,0
344,Sony Michel,LAC,27,RB,10,0,13,9,69.20%,53,5.9,0,1,38.5,9,4.1,0.9,5.3,0
345,Gunner Olszewski,PIT,26,WR,16,2,7,5,71.40%,53,10.6,0,1,42.9,31,7.6,0.3,3.3,2
346,James Robinson,2TM,24,RB,11,5,14,11,78.60%,51,4.6,2,5,50,10,3.6,1,4.6,1
347,Anthony Schwartz,CLE,22,WR,11,1,10,4,40.00%,51,12.8,0,2,30,19,5.1,0.4,4.6,1
348,Charlie Kolar,BAL,23,TE,2,0,6,4,66.70%,49,12.3,0,3,66.7,15,8.2,2,24.5,0
349,David Johnson,NOR,31,RB,5,0,4,4,100.00%,47,11.8,0,3,100,21,11.8,0.8,9.4,1
350,Chris Conley,2TM,30,WR,9,1,7,4,57.10%,46,11.5,0,2,57.1,27,6.6,0.4,5.1,0
351,Stephen Sullivan,CAR,26,TE,14,0,6,2,33.30%,46,23,0,2,33.3,33,7.7,0.1,3.3,0
352,Andre Baccellia,ARI,25,WR,8,0,10,7,70.00%,45,6.4,0,4,50,11,4.5,0.9,5.6,0
353,Michael Woods II,CLE,22,WR,10,0,10,5,50.00%,45,9,0,3,40,15,4.5,0.5,4.5,0
354,Tevin Coleman,SFO,29,RB,5,0,3,3,100.00%,44,14.7,1,2,66.7,30,14.7,0.6,8.8,0
355,J.K. Dobbins,BAL,24,RB,8,8,8,7,87.50%,42,6,1,3,62.5,20,5.3,0.9,5.3,0
356,Pierre Strong,NWE,24,RB,15,0,7,7,100.00%,42,6,0,3,42.9,16,6,0.5,2.8,0
357,Brandon Johnson,DEN,24,WR,7,1,14,6,42.90%,42,7,1,2,21.4,12,3,0.9,6,1
358,Chris Manhertz,JAX,30,TE,17,11,8,6,75.00%,42,7,0,2,37.5,21,5.3,0.4,2.5,0
359,Laquon Treadwell,SEA,27,WR,6,0,10,6,60.00%,42,7,0,3,30,17,4.2,1,7,0
360,John Brown,BUF,32,WR,3,0,2,1,50.00%,42,42,1,1,50,42,21,0.3,14,0
361,Julius Chestnut,TEN,22,RB,6,0,3,3,100.00%,41,13.7,0,1,66.7,33,13.7,0.5,6.8,0
362,Jameson Williams,DET,21,WR,6,0,9,1,11.10%,41,41,1,1,11.1,41,4.6,0.2,6.8,0
363,Jonathan Williams,WAS,28,RB,13,2,10,7,70.00%,40,5.7,0,2,30,21,4,0.5,3.1,0
364,Luke Farrell,JAX,25,TE,17,0,4,4,100.00%,40,10,0,3,75,15,10,0.2,2.4,0
365,Racey McMath,TEN,23,WR,5,0,8,2,25.00%,40,20,0,1,12.5,39,5,0.4,8,0
366,Zack Moss,2TM,25,RB,13,3,13,11,84.60%,39,3.5,0,2,38.5,8,3,0.8,3,1
367,Gary Brightwell,NYG,23,RB,17,0,8,5,62.50%,39,7.8,0,4,50,12,4.9,0.3,2.3,0
368,Chris Evans,CIN,25,RB,12,0,4,3,75.00%,38,12.7,1,2,50,26,9.5,0.3,3.2,0
369,Mike Thomas,CIN,28,WR,10,2,10,2,20.00%,38,19,0,1,10,33,3.8,0.2,3.8,0
370,Dax Milne,WAS,23,WR,15,1,7,6,85.70%,37,6.2,1,2,85.7,12,5.3,0.4,2.5,1
371,Malcolm Brown,LAR,29,RB,11,0,6,5,83.30%,37,7.4,0,2,50,13,6.2,0.5,3.4,0
372,Cole Beasley,2TM,33,WR,4,1,7,6,85.70%,35,5.8,0,1,42.9,9,5,1.5,8.8,0
373,Kendall Blanton,LAR,27,TE,4,0,2,2,100.00%,35,17.5,0,1,100,28,17.5,0.5,8.8,0
374,Royce Freeman,HOU,26,RB,4,1,8,6,75.00%,33,5.5,0,0,37.5,9,4.1,1.5,8.3,1
375,Tylan Wallace,BAL,23,WR,9,0,7,4,57.10%,33,8.3,0,1,42.9,12,4.7,0.4,3.7,0
376,Darrynton Evans,CHI,24,RB,6,0,1,1,100.00%,33,33,0,1,100,33,33,0.2,5.5,0
377,Deven Thompkins,TAM,23,WR,5,1,10,5,50.00%,32,6.4,0,1,20,13,3.2,1,6.4,1
378,Tony Jones,2TM,25,RB,6,0,8,5,62.50%,30,6,0,0,37.5,9,3.8,0.8,5,0
379,Tim Jones,JAX,24,WR,17,1,4,3,75.00%,30,10,0,1,75,20,7.5,0.2,1.8,0
380,Trayveon Williams,CIN,25,RB,8,0,3,2,66.70%,30,15,0,1,33.3,24,10,0.3,3.8,0
381,Jordan Wilkins,IND,28,RB,4,0,8,6,75.00%,29,4.8,0,1,25,10,3.6,1.5,7.3,0
382,Ronnie Rivers,LAR,23,RB,8,1,5,5,100.00%,29,5.8,0,1,80,14,5.8,0.6,3.6,0
383,Myles Gaskin,MIA,25,RB,4,0,6,4,66.70%,28,7,0,0,50,16,4.7,1,7,0
384,Kyle Rudolph,TAM,33,TE,9,0,5,3,60.00%,28,9.3,1,2,60,12,5.6,0.3,3.1,0
385,Tyrie Cleveland,DEN,25,WR,6,0,7,2,28.60%,28,14,0,1,28.6,16,4,0.3,4.7,0
386,D'Onta Foreman,CAR,26,RB,17,9,9,5,55.60%,26,5.2,0,1,22.2,23,2.9,0.3,1.5,1
387,Tyler Davis,GNB,25,TE,17,1,7,4,57.10%,26,6.5,0,1,14.3,23,3.7,0.2,1.5,0
388,Ryan Griffin,CHI,32,TE,15,0,8,4,50.00%,26,6.5,0,1,25,18,3.3,0.3,1.7,0
389,Ben Ellefson,MIN,26,TE,4,1,3,3,100.00%,26,8.7,0,2,66.7,12,8.7,0.8,6.5,0
390,Jaelon Darden,2TM,23,WR,14,0,2,2,100.00%,26,13,0,1,50,25,13,0.1,1.9,0
391,Trevon Wesco,CHI,27,TE,14,1,4,2,50.00%,26,13,0,1,25,23,6.5,0.1,1.9,0
392,Daylen Baldwin,CLE,23,WR,1,0,2,2,100.00%,25,12.5,0,2,100,15,12.5,2,25,0
393,Simi Fehoko,DAL,25,WR,5,0,4,3,75.00%,24,8,0,1,50,12,6,0.6,4.8,0
394,Dezmon Patmon,IND,24,WR,1,0,6,2,33.30%,24,12,0,1,33.3,17,4,2,24,0
395,Dareke Young,SEA,23,WR,13,0,2,2,100.00%,24,12,0,2,100,12,12,0.2,1.8,0
396,Tyler Badie,DEN,22,RB,1,0,1,1,100.00%,24,24,1,1,100,24,24,1,24,0
397,Cole Turner,WAS,22,TE,10,2,9,2,22.20%,23,11.5,0,1,11.1,18,2.6,0.2,2.3,0
398,Ronald Jones II,KAN,25,RB,6,0,1,1,100.00%,22,22,0,1,100,22,22,0.2,3.7,0
399,Keaontay Ingram,ARI,23,RB,12,0,5,4,80.00%,21,5.3,0,1,20,24,4.2,0.3,1.8,0
400,Andy Isabella,2TM,26,WR,5,0,5,2,40.00%,21,10.5,0,2,40,11,4.2,0.4,4.2,0
401,Cade Johnson,SEA,24,WR,3,0,4,2,50.00%,21,10.5,0,2,50,11,5.3,0.7,7,0
402,Kene Nwangwu,MIN,24,RB,17,0,2,2,100.00%,21,10.5,0,1,100,16,10.5,0.1,1.2,0
403,Penny Hart,SEA,26,WR,9,0,4,3,75.00%,20,6.7,0,1,25,15,5,0.3,2.2,0
404,Blake Bell,KAN,31,TE,3,1,2,2,100.00%,20,10,1,1,50,17,10,0.7,6.7,0
405,Lil'Jordan Humphrey,NWE,24,WR,6,2,4,2,50.00%,20,10,0,0,50,11,5,0.3,3.3,0
406,Keke Coutee,IND,25,WR,8,0,1,1,100.00%,20,20,0,0,100,20,20,0.1,2.5,4
407,Phillip Lindsay,IND,28,RB,3,0,8,6,75.00%,19,3.2,0,0,25,7,2.4,2,6.3,0
408,Troy Hairston,HOU,24,TE,16,5,8,5,62.50%,19,3.8,0,0,25,7,2.4,0.3,1.2,0
409,Jesper Horsted,LVR,25,WR,15,0,4,3,75.00%,19,6.3,0,0,25,9,4.8,0.2,1.3,0
410,Ke'Shawn Vaughn,TAM,25,RB,15,0,4,3,75.00%,19,6.3,0,1,25,11,4.8,0.2,1.3,0
411,Maxx Williams,ARI,28,TE,11,1,3,3,100.00%,18,6,0,0,100,7,6,0.3,1.6,0
412,Keith Kirkwood,NOR,28,WR,5,1,4,2,50.00%,18,9,0,1,25,14,4.5,0.4,3.6,0
413,Stone Smartt,LAC,24,TE,7,1,5,4,80.00%,17,4.3,0,1,20,8,3.4,0.6,2.4,0
414,Braylon Sanders,MIA,23,WR,3,0,3,2,66.70%,17,8.5,0,0,33.3,13,5.7,0.7,5.7,1
415,Benny Snell Jr.,PIT,24,RB,17,0,2,2,100.00%,17,8.5,0,1,50,11,8.5,0.1,1,0
416,Patrick Taylor,GNB,24,RB,14,0,1,1,100.00%,17,17,0,1,100,17,17,0.1,1.2,0
417,Juwann Winfree,GNB,26,WR,3,0,4,1,25.00%,17,17,0,1,25,17,4.3,0.3,5.7,0
418,Rashaad Penny,SEA,26,RB,5,5,5,4,80.00%,16,4,0,2,60,6,3.2,0.8,3.2,1
419,Dennis Houston,DAL,23,WR,2,0,6,2,33.30%,16,8,0,0,16.7,11,2.7,1,8,0
420,Boston Scott,PHI,27,RB,15,2,6,5,83.30%,15,3,0,0,16.7,5,2.5,0.3,1,0
421,Bryan Edwards,ATL,24,WR,7,1,5,3,60.00%,15,5,0,0,20,10,3,0.4,2.1,0
422,Ty Montgomery,NWE,29,WR,1,0,4,3,75.00%,15,5,1,1,25,7,3.8,3,15,0
423,Quintez Cephus,DET,24,WR,4,1,3,2,66.70%,15,7.5,0,1,66.7,9,5,0.5,3.8,0
424,Frank Darby,ATL,25,WR,5,0,1,1,100.00%,15,15,0,1,100,15,15,0.2,3,0
425,Ihmir Smith-Marsette,2TM,23,WR,8,0,4,1,25.00%,15,15,0,0,25,15,3.8,0.1,1.9,1
426,Larry Rountree,LAC,23,RB,4,0,2,2,100.00%,14,7,0,1,50,13,7,0.5,3.5,0
427,Nsimba Webster,CHI,26,WR,2,0,3,2,66.70%,14,7,0,1,66.7,8,4.7,1,7,1
428,Isaiah Spiller,LAC,21,RB,6,0,3,3,100.00%,13,4.3,0,0,33.3,8,4.3,0.5,2.2,0
429,Deonte Harty,NOR,25,WR,4,0,2,2,100.00%,13,6.5,0,0,50,9,6.5,0.5,3.3,1
430,Austin Trammell,LAR,24,WR,6,0,4,2,50.00%,13,6.5,0,1,50,8,3.3,0.3,2.2,0
431,Jalen Tolbert,DAL,23,WR,8,1,3,2,66.70%,12,6,0,0,33.3,8,4,0.3,1.5,0
432,Jake Gervase,LAR,27,LB,14,0,1,1,100.00%,12,12,0,1,100,12,12,0.1,0.9,0
433,Derek Watt,PIT,30,FB,17,3,5,5,100.00%,11,2.2,1,1,40,5,2.2,0.3,0.6,0
434,Miles Boykin,PIT,26,WR,16,1,3,2,66.70%,11,5.5,0,1,33.3,11,3.7,0.1,0.7,0
435,Michael Burton,KAN,30,RB,17,0,3,2,66.70%,11,5.5,0,0,33.3,9,3.7,0.1,0.6,0
436,Anthony McFarland Jr.,PIT,24,RB,1,0,2,2,100.00%,11,5.5,0,1,50,12,5.5,2,11,0
437,Sean McKeon,DAL,25,TE,13,0,3,2,66.70%,11,5.5,0,1,33.3,10,3.7,0.2,0.8,0
438,Jakob Johnson,LVR,28,FB,17,9,6,5,83.30%,10,2,0,0,0,5,1.7,0.3,0.6,0
439,Spencer Brown,CAR,24,RB,2,0,4,2,50.00%,10,5,0,0,25,9,2.5,1,5,0
440,Danny Gray,SFO,23,WR,13,0,7,1,14.30%,10,10,0,1,14.3,10,1.4,0.1,0.8,0
441,Darrel Williams,ARI,27,RB,6,0,8,4,50.00%,9,2.3,0,0,12.5,6,1.1,0.7,1.5,0
442,Stephen Anderson,ARI,29,TE,16,0,7,3,42.90%,9,3,0,0,14.3,6,1.3,0.2,0.6,0
443,Adam Prentice,NOR,25,FB,11,2,3,3,100.00%,9,3,0,1,33.3,4,3,0.3,0.8,1
444,Penei Sewell*,DET,22,RT,17,17,1,1,100.00%,9,9,0,1,100,9,9,0.1,0.5,0
445,KaVontae Turpin*,DAL,26,WR,17,0,2,1,50.00%,9,9,0,0,50,9,4.5,0.1,0.5,3
446,Zander Horvath,LAC,24,FB,15,2,8,5,62.50%,8,1.6,2,2,37.5,5,1,0.3,0.5,0
447,Trestan Ebner,CHI,23,RB,17,0,8,2,25.00%,8,4,0,0,25,6,1,0.1,0.5,2
448,Demetric Felton,CLE,24,WR,8,2,4,2,50.00%,8,4,0,0,25,5,2,0.3,1,1
449,Salvon Ahmed,MIA,24,RB,12,0,1,1,100.00%,8,8,0,0,100,8,8,0.1,0.7,0
450,Tyron Johnson,2TM,26,WR,4,1,1,1,100.00%,8,8,0,0,100,8,8,0.3,2,0
451,Jeremy Ruckert,NYJ,22,TE,9,0,2,1,50.00%,8,8,0,0,50,8,4,0.1,0.9,0
452,Keith Smith,ATL,30,WR,17,6,2,1,50.00%,8,8,0,0,50,8,4,0.1,0.5,0
453,J.J. Taylor,NWE,24,RB,1,0,1,1,100.00%,8,8,0,0,100,8,8,1,8,0
454,D'Ernest Johnson,CLE,26,RB,15,0,3,3,100.00%,7,2.3,0,0,33.3,7,2.3,0.2,0.5,0
455,Elijah Mitchell,SFO,24,RB,5,1,4,3,75.00%,7,2.3,0,0,50,5,1.8,0.6,1.4,0
456,Jonathan Ward,2TM,25,RB,8,0,3,2,66.70%,7,3.5,0,1,66.7,4,2.3,0.3,0.9,0
457,Maurice Alexander,DET,25,WR,4,0,1,1,100.00%,7,7,0,0,0,7,7,0.3,1.8,0
458,Jalen Camp,HOU,24,WR,2,0,1,1,100.00%,7,7,0,1,100,7,7,0.5,3.5,0
459,Tyler Mabry,SEA,26,TE,2,0,1,1,100.00%,7,7,1,1,100,7,7,0.5,3.5,0
460,Tommy Sweeney,BUF,27,TE,5,0,1,1,100.00%,7,7,0,1,100,7,7,0.2,1.4,0
461,Dwayne Washington,NOR,28,RB,12,0,1,1,100.00%,7,7,0,0,100,7,7,0.1,0.6,0
462,Pharoh Cooper,ARI,27,WR,5,1,2,2,100.00%,6,3,0,0,0,3,3,0.4,1.2,0
463,Mason Schreck,HOU,29,TE,3,1,2,2,100.00%,6,3,0,0,50,6,3,0.7,2,0
464,C.J. Board,TEN,29,WR,4,0,1,1,100.00%,6,6,0,0,100,6,6,0.3,1.5,1
465,Jacob Harris,LAR,25,WR,7,0,1,1,100.00%,6,6,0,1,100,6,6,0.1,0.9,0
466,Patrick Mahomes*+,KAN,27,QB,17,17,1,1,100.00%,6,6,0,0,100,6,6,0.1,0.4,5
467,Devin Asiasi,CIN,25,TE,12,0,4,2,50.00%,5,2.5,0,0,25,6,1.3,0.2,0.4,0
468,Jason Cabinda,DET,26,LB,8,2,4,1,25.00%,5,5,0,1,25,5,1.3,0.1,0.6,0
469,Jared Goff*,DET,28,QB,17,17,1,1,100.00%,5,5,0,0,100,5,5,0.1,0.3,7
470,Jason Moore,LAC,27,WR,6,0,2,1,50.00%,5,5,0,0,0,5,2.5,0.2,0.8,0
471,Ty'Son Williams,ARI,26,RB,1,0,1,1,100.00%,5,5,0,0,0,5,5,1,5,0
472,Mike Davis,BAL,29,RB,8,0,2,2,100.00%,4,2,0,0,0,7,2,0.3,0.5,1
473,Jeff Driskel,HOU,29,QB,7,2,1,1,100.00%,4,4,0,0,100,4,4,0.1,0.6,0
474,Kamu Grugier-Hill,2TM,28,LB-LLB,15,6,1,1,100.00%,4,4,0,1,100,4,4,0.1,0.3,0
475,Richard Rodgers,LAC,30,TE,10,1,4,1,25.00%,4,4,0,0,0,4,1,0.1,0.4,0
476,Caleb Huntley,ATL,24,RB,12,0,2,2,100.00%,3,1.5,0,0,0,2,1.5,0.2,0.3,1
477,Erik Ezukanma,MIA,22,WR,1,0,1,1,100.00%,3,3,0,0,0,3,3,1,3,0
478,Godwin Igwebuike,SEA,28,RB,5,0,1,1,100.00%,3,3,0,0,0,3,3,0.2,0.6,0
479,Mason Kinsey,TEN,24,WR,2,0,1,1,100.00%,3,3,0,0,0,3,3,0.5,1.5,1
480,Devine Ozigbo,DEN,26,RB,4,0,1,1,100.00%,3,3,0,0,0,3,3,0.3,0.8,0
481,Montrell Washington,DEN,23,WR,15,1,9,4,44.40%,2,0.5,0,0,0,4,0.2,0.3,0.1,5
482,Cody White,PIT,24,WR,1,1,1,1,100.00%,2,2,0,0,0,2,2,1,2,0
483,Zach Wilson,NYJ,23,QB,9,9,1,1,100.00%,2,2,1,1,100,2,2,0.1,0.2,1
484,Russell Wilson,DEN,34,QB,15,15,1,1,100.00%,1,1,0,0,0,1,1,0.1,0.1,6
485,Josh Ali,ATL,23,WR,2,0,1,0,0.00%,0,,0,0,0,0,0,0,0,0
486,David Bakhtiari,GNB,31,LT,11,11,1,0,0.00%,0,,0,0,0,0,0,0,0,0
487,Khari Blasingame,CHI,26,FB,16,6,1,0,0.00%,0,,0,0,0,0,0,0,0,0
488,Tom Brady,TAM,45,QB,17,17,1,0,0.00%,0,,0,0,0,0,0,0,0,5
489,Jack Conklin,CLE,28,RT,14,14,1,0,0.00%,0,,0,0,0,0,0,0,0,0
490,Tanner Conner,MIA,24,TE,13,0,3,0,0.00%,0,,0,0,0,0,0,0,0,0
491,Tyrion Davis-Price,SFO,22,RB,6,0,2,0,0.00%,0,,0,0,0,0,0,0,0,0
492,Gus Edwards,BAL,27,RB,9,4,2,0,0.00%,0,,0,0,0,0,0,0,0,1
493,Miller Forristall,CLE,24,TE,4,0,1,0,0.00%,0,,0,0,0,0,0,0,0,0
494,Feleipe Franks,ATL,25,QB,11,1,2,0,0.00%,0,,0,0,0,0,0,0,0,0
495,Tanner Gentry,BUF,28,WR,3,0,1,0,0.00%,0,,0,0,0,0,0,0,0,0
496,Josh Gordon,TEN,31,WR,2,0,1,0,0.00%,0,,0,0,0,0,0,0,0,0
497,Lance McCutcheon,LAR,23,WR,10,1,5,0,0.00%,0,,0,0,0,0,0,0,0,0
498,Stanley Morgan Jr.,CIN,26,WR,14,0,1,0,0.00%,0,,0,0,0,0,0,0,0,0
499,Jaret Patterson,WAS,23,RB,3,0,1,0,0.00%,0,,0,0,0,0,0,0,0,0
500,Noah Togiai,PHI,25,TE,2,0,1,0,0.00%,0,,0,0,0,0,0,0,0,0
501,Jake Tonges,CHI,23,TE,4,0,1,0,0.00%,0,,0,0,0,0,0,0,0,0
502,DJ Turner,LVR,25,WR,9,0,1,0,0.00%,0,,0,0,0,0,0,0,0,1
503,James Washington,DAL,26,WR,2,0,1,0,0.00%,0,,0,0,0,0,0,0,0,0
504,Charlie Woerner,SFO,25,TE,17,2,2,0,0.00%,0,,0,0,0,0,0,0,0,0
505,Giovani Bernard,TAM,31,RB,8,0,2,2,100.00%,-1,-0.5,0,0,0,6,-0.5,0.3,-0.1,1
506,Drew Sample,CIN,26,TE,2,2,2,2,100.00%,-2,-1,0,0,0,2,-1,1,-1,0
507,Bailey Zappe,NWE,23,QB,4,2,1,1,100.00%,-6,-6,0,0,0,-6,-6,0.3,-1.5,4
508,Justin Herbert,LAC,24,QB,17,17,2,2,100.00%,-10,-5,0,0,0,-2,-5,0.1,-0.6,8