Player,Pos.,Team,Total Value,APY,Total Guaranteed,Avg. Guarantee/Year,% Guaranteed
Justin Jefferson,WR,Vikings,"$140,000,000","$35,000,000","$88,743,000","$22,185,750",63.40%
A.J. Brown,WR,Eagles,"$96,000,000","$32,000,000","$51,000,000","$17,000,000",53.10%
Amon-Ra St. Brown,WR,Lions,"$120,010,000","$30,002,500","$34,666,000","$8,666,500",28.90%
Tyreek Hill,WR,Dolphins,"$90,000,000","$30,000,000","$54,000,000","$18,000,000",60.00%
Jaylen Waddle,WR,Dolphins,"$84,750,000","$28,250,000","$35,978,546","$11,992,849",42.50%
Davante Adams,WR,Raiders,"$140,000,000","$28,000,000","$22,750,000","$4,550,000",16.30%
D.J. Moore,WR,Bears,"$110,000,000","$27,500,000","$43,650,000","$10,912,500",39.70%
Cooper Kupp,WR,Rams,"$80,100,000","$26,700,000","$35,000,000","$11,666,667",43.70%
DeVonta Smith,WR,Eagles,"$75,000,000","$25,000,000","$33,997,554","$11,332,518",45.30%
Nico Collins,WR,Texans,"$72,750,000","$24,250,000","$32,116,000","$10,705,333",44.10%
D.K. Metcalf,WR,Seahawks,"$72,000,000","$24,000,000","$31,000,000","$10,333,333",43.10%
Deebo Samuel,WR,49ers,"$71,550,000","$23,850,000","$41,000,000","$13,666,667",57.30%
"Michael Pittman, Jr.",WR,Colts,"$70,000,000","$23,333,333","$41,000,000","$13,666,667",58.60%
Terry McLaurin,WR,Commanders,"$69,600,000","$23,200,000","$34,654,118","$11,551,373",49.80%
Calvin Ridley,WR,Titans,"$92,000,000","$23,000,000","$46,980,000","$11,745,000",51.10%
Stefon Diggs,WR,Texans,"$22,520,000","$22,520,000","$22,015,000","$22,015,000",97.80%
Tee Higgins,WR,Bengals,"$21,816,000","$21,816,000","$21,816,000","$21,816,000",100.00%
Mike Evans,WR,Buccaneers,"$41,000,000","$20,500,000","$29,000,000","$14,500,000",70.70%
Keenan Allen,WR,Bears,"$80,100,000","$20,025,000","$32,000,000","$8,000,000",40.00%
Chris Godwin,WR,Buccaneers,"$60,000,000","$20,000,000","$40,000,000","$13,333,333",66.70%
Amari Cooper,WR,Browns,"$100,000,000","$20,000,000","$40,000,000","$8,000,000",40.00%
Diontae Johnson,WR,Panthers,"$36,710,000","$18,355,000","$19,000,000","$9,500,000",51.80%
Christian Kirk,WR,Jaguars,"$72,000,000","$18,000,000","$37,000,000","$9,250,000",51.40%
Jerry Jeudy,WR,Browns,"$52,500,000","$17,500,000","$41,000,000","$13,666,667",78.10%
Travis Kelce,TE,Chiefs,"$34,250,000","$17,125,000","$17,000,000","$8,500,000",49.60%
T.J. Hockenson,TE,Vikings,"$66,000,000","$16,500,000","$29,292,000","$7,323,000",44.40%
George Kittle,TE,49ers,"$75,000,000","$15,000,000","$30,000,000","$6,000,000",40.00%
Tyler Lockett,WR,Seahawks,"$30,000,000","$15,000,000","$12,660,000","$6,330,000",42.20%
Dallas Goedert,TE,Eagles,"$57,000,000","$14,250,000","$14,877,549","$3,719,387",26.10%
Mark Andrews,TE,Ravens,"$56,000,000","$14,000,000","$30,083,059","$7,520,765",53.70%
Evan Engram,TE,Jaguars,"$41,250,000","$13,750,000","$24,000,000","$8,000,000",58.20%
Courtland Sutton,WR,Broncos,"$27,500,000","$13,750,000",$0,$0,0.00%
David Njoku,TE,Browns,"$54,750,000","$13,687,500","$17,000,000","$4,250,000",31.10%
Gabriel Davis,WR,Jaguars,"$39,000,000","$13,000,000","$24,000,000","$8,000,000",61.50%
DeAndre Hopkins,WR,Titans,"$26,000,000","$13,000,000","$10,980,000","$5,490,000",42.20%
Darnell Mooney,WR,Falcons,"$39,000,000","$13,000,000","$26,000,000","$8,666,667",66.70%
Cole Kmet,TE,Bears,"$50,000,000","$12,500,000","$22,893,000","$5,723,250",45.80%
Dalton Schultz,TE,Texans,"$36,000,000","$12,000,000","$23,500,000","$7,833,333",65.30%
Allen Lazard,WR,Jets,"$44,000,000","$11,000,000","$22,000,000","$5,500,000",50.00%
Jakobi Meyers,WR,Raiders,"$33,000,000","$11,000,000","$16,000,000","$5,333,333",48.50%
Noah Fant,TE,Seahawks,"$21,000,000","$10,500,000","$11,490,000","$5,745,000",54.70%
Taysom Hill,TE,Saints,"$40,000,000","$10,000,000","$10,100,000","$2,525,000",25.30%
Mike Williams,WR,Jets,"$10,000,000","$10,000,000","$8,300,000","$8,300,000",83.00%
Brandin Cooks,WR,Cowboys,"$20,000,000","$10,000,000","$12,000,000","$6,000,000",60.00%
Dawson Knox,TE,Bills,"$29,500,000","$9,833,333","$12,750,000","$4,250,000",43.20%
Hunter Henry,TE,Patriots,"$27,000,000","$9,000,000","$15,800,000","$5,266,667",58.50%
Marvin Harrison Jr.,WR,Cardinals,"$35,374,742","$8,843,686","$35,374,742","$8,843,686",100.00%
Tyler Higbee,TE,Rams,"$17,000,000","$8,500,000","$11,075,980","$5,537,990",65.20%
Adam Thielen,WR,Panthers,"$25,000,000","$8,333,333","$14,000,000","$4,666,667",56.00%
Kyle Pitts,TE,Falcons,"$32,910,496","$8,227,624","$32,910,496","$8,227,624",100.00%
Curtis Samuel,WR,Bills,"$24,000,000","$8,000,000","$14,020,000","$14,020,000",58.40%
Ja'Marr Chase,WR,Bengals,"$30,819,642","$7,704,911","$30,819,642","$7,704,911",100.00%
Jauan Jennings,WR,49ers,"$15,390,000","$7,695,000","$8,435,000","$4,217,500",54.80%
Robert Woods,WR,Texans,"$15,250,000","$7,625,000","$10,000,000","$5,000,000",65.60%
Colby Parkinson,TE,Rams,"$22,500,000","$7,500,000","$10,250,000","$3,416,667",45.60%
Malik Nabers,WR,Giants,"$29,207,750","$7,301,938","$29,207,750","$7,301,938",100.00%
Josh Oliver,TE,Vikings,"$21,000,000","$7,000,000","$8,200,000","$2,733,333",39.00%
Marquise Brown,WR,Chiefs,"$7,000,000","$7,000,000","$6,500,000","$6,500,000",92.90%
Tyler Conklin,TE,Jets,"$20,250,000","$6,750,000","$10,000,000","$3,333,333",49.40%
Kendrick Bourne,WR,Patriots,"$19,500,000","$6,500,000","$5,500,000","$1,833,333",28.20%
Rashod Bateman,WR,Ravens,"$12,871,897","$6,435,949","$4,500,000","$2,250,000",35.00%
Darius Slayton,WR,Giants,"$6,200,000","$6,200,000",$0,$0,0.00%
Juwan Johnson,TE,Saints,"$12,010,000","$6,005,000","$8,510,000","$4,255,000",70.90%
Gerald Everett,TE,Bears,"$12,000,000","$6,000,000","$6,060,000","$3,030,000",50.50%
Mo Alie-Cox,TE,Colts,"$17,550,000","$5,850,000","$8,200,000","$2,733,333",46.70%
Rome Odunze,WR,Bears,"$22,724,500","$5,681,125","$22,724,500","$5,681,125",100.00%
Drake London,WR,Falcons,"$21,534,472","$5,383,618","$21,534,472","$5,383,618",100.00%
Kalif Raymond,WR,Lions,"$10,500,000","$5,250,000","$8,150,000","$4,075,000",77.60%
Garrett Wilson,WR,Jets,"$20,554,006","$5,138,502","$20,554,006","$5,138,502",100.00%
Chris Olave,WR,Saints,"$19,271,872","$4,817,968","$19,271,872","$4,817,968",100.00%
Will Dissly,TE,Chargers,"$14,000,000","$4,666,666","$1,000,000","$333,333",7.10%
Brock Bowers,TE,Raiders,"$18,138,784","$4,534,696","$18,138,784","$4,534,696",100.00%
Josh Reynolds,WR,Broncos,"$9,000,000","$4,500,000","$4,245,000","$2,122,500",47.20%
Jameson Williams,WR,Lions,"$17,461,792","$4,365,448","$17,461,792","$4,365,448",100.00%
Devin Duvernay,WR,Jaguars,"$8,500,000","$4,250,000","$5,700,000","$2,850,000",67.10%
Mack Wilson,WR,Cardinals,"$12,750,000","$4,250,000","$6,445,000","$2,148,333",50.50%
Jonnu Smith,TE,Dolphins,"$8,400,000","$4,200,000","$3,960,000","$3,960,000",47.10%
Foster Moreau,TE,Saints,"$12,234,000","$4,078,000","$8,020,000","$2,673,333",65.60%
Brock Wright,TE,Lions,"$12,000,000","$4,000,000","$4,600,000","$1,533,333",38.30%
Demarcus Robinson,WR,Rams,"$4,000,000","$4,000,000","$4,000,000","$4,000,000",100.00%
Charlie Woerner,TE,Falcons,"$12,000,000","$4,000,000","$4,160,000","$1,386,667",34.70%
Noah Brown,WR,Texans,"$4,000,000","$4,000,000","$3,000,000","$3,000,000",75.00%
K.J. Osborn,WR,Patriots,"$4,000,000","$4,000,000","$3,180,000","$3,180,000",79.50%
Durham Smythe,TE,Dolphins,"$7,750,000","$3,875,000","$5,500,000","$2,750,000",71.00%
Jahan Dotson,WR,Commanders,"$15,048,356","$3,762,089","$15,048,356","$3,762,089",100.00%
Adam Trautman,TE,Broncos,"$7,500,000","$3,750,000","$5,000,000","$2,500,000",66.70%
Nelson Agholor,WR,Ravens,"$3,750,000","$3,750,000","$3,750,000","$3,750,000",100.00%
Brian Thomas Jr.,WR,Jaguars,"$14,659,978","$3,664,995","$14,659,978","$3,664,995",100.00%
Jaxon Smith-Njigba,WR,Seahawks,"$14,417,308","$3,604,327","$14,417,308","$3,604,327",100.00%
Ashton Dulin,WR,Colts,"$7,200,000","$3,600,000","$3,500,000","$1,750,000",48.60%
Treylon Burks,WR,Titans,"$14,369,590","$3,592,398","$14,369,590","$3,592,398",100.00%
Quentin Johnston,WR,Chargers,"$14,188,786","$3,547,197","$14,188,786","$3,547,197",100.00%
Zay Flowers,WR,Ravens,"$14,036,440","$3,509,110","$14,036,440","$3,509,110",100.00%
CeeDee Lamb,WR,Cowboys,"$30,010,014","$30,502,504","$14,010,014","$3,502,504",100.00%
Drew Sample,TE,Bengals,"$10,500,000","$3,500,000","$2,350,000","$783,333",22.40%
Xavier Worthy,WR,Chiefs,"$13,790,264","$3,447,566","$13,790,264","$3,447,566",100.00%
Jordan Addison,WR,Vikings,"$13,731,736","$3,432,934","$13,731,736","$3,432,934",100.00%
Kadarius Toney,WR,Chiefs,"$13,719,508","$3,429,877","$13,719,508","$3,429,877",100.00%
Dalton Kincaid,TE,Bills,"$13,427,040","$3,356,760","$13,427,040","$3,356,760",100.00%
Harrison Bryant,TE,Raiders,"$3,250,000","$3,250,000","$2,878,000","$2,878,000",88.60%
Pharaoh Brown,TE,Seahawks,"$3,200,000","$3,200,000","$2,690,000","$2,690,000",84.10%
Ricky Pearsall,WR,49ers,"$12,538,398","$3,134,600","$12,538,398","$3,134,600",100.00%
Brandon Aiyuk,WR,49ers,"$12,531,350","$3,132,838","$12,531,350","$3,132,838",100.00%
Andrew Beck,TE,Texans,"$6,250,000","$3,125,000","$4,000,000","$2,000,000",64.00%
Rashid Shaheed,WR,Saints,"$6,185,000","$3,092,500","$1,000,000","$500,000",16.20%
Xavier Legette,WR,Panthers,"$12,357,176","$3,089,294","$12,357,176","$3,089,294",100.00%
Cordarrelle Patterson,WR,Steelers,"$6,000,000","$3,000,000","$1,900,000","$950,000",31.70%
Odell Beckham Jr.,WR,Dolphins,"$3,000,000","$3,000,000","$3,000,000","$3,000,000",100.00%
Zach Ertz,TE,Commanders,"$3,000,000","$3,000,000","$1,960,000","$1,960,000",65.30%
D.J. Chark,WR,Chargers,"$3,000,000","$3,000,000","$2,065,000","$2,065,000",68.80%
Austin Hooper,TE,Patriots,"$3,000,000","$3,000,000","$2,410,000","$2,410,000",80.30%
Cedrick Wilson Jr.,WR,Saints,"$5,750,000","$2,875,000","$2,850,000","$1,425,000",49.60%
Mack Hollins,WR,Bills,"$2,600,000","$2,600,000","$1,100,000","$1,100,000",42.30%
Keon Coleman,WR,Bills,"$10,074,258","$2,518,565","$9,640,495","$2,410,124",95.70%
Ray-Ray McCloud,WR,Falcons,"$5,000,000","$2,500,000","$2,125,000","$1,062,500",42.50%
Mike Gesicki,TE,Bengals,"$2,500,000","$2,500,000","$400,000","$400,000",16.00%
Ladd McConkey,WR,Chargers,"$9,995,186","$2,498,797","$9,185,943","$2,296,486",91.90%
Ja'Lynn Polk,WR,Patriots,"$9,694,744","$2,423,686","$8,214,275","$2,053,569",84.70%
Tyler Boyd,WR,Titans,"$2,400,000","$2,400,000","$1,200,000","$1,200,000",50.00%
Sam LaPorta,TE,Lions,"$9,465,998","$2,366,500","$7,825,179","$1,956,295",82.70%
Michael Mayer,TE,Raiders,"$9,313,638","$2,328,410","$7,596,697","$1,899,174",81.60%
Christian Watson,WR,Packers,"$9,241,026","$2,310,257","$7,425,885","$1,856,471",80.40%
Zach Pascal,WR,Cardinals,"$4,500,000","$2,250,000","$1,500,000","$750,000",33.30%
Marquez Valdes-Scantling,WR,Bills,"$2,250,000","$2,250,000","$2,250,000","$2,250,000",100.00%
Zay Jones,WR,Cardinals,"$2,250,000","$2,250,000","$1,150,000","$1,150,000",51.10%
Elijah Moore,WR,Browns,"$8,940,422","$2,235,106","$7,061,273","$1,765,318",79.00%
Jonathan Mingo,WR,Panthers,"$8,856,606","$2,214,152","$6,898,887","$1,724,722",77.90%
Braxton Berrios,WR,Dolphins,"$2,150,000","$2,150,000","$1,200,000","$1,200,000",55.80%
Luke Musgrave,TE,Packers,"$8,475,742","$2,118,936","$6,348,437","$1,587,109",74.90%
Wan'Dale Robinson,WR,Giants,"$8,185,166","$2,046,292","$5,791,409","$1,447,852",70.80%
John Metchie III,WR,Texans,"$8,070,176","$2,017,544","$5,626,046","$1,406,512",69.70%
Brandon Powell,WR,Vikings,"$2,000,000","$2,000,000","$625,000","$625,000",31.30%
Chris Moore,WR,Cardinals,"$2,000,000","$2,000,000","$750,000","$750,000",37.50%
Nick Westbrook-Ikhine,WR,Titans,"$2,000,000","$2,000,000","$750,000","$750,000",37.50%
Johnny Mundt,TE,Vikings,"$2,000,000","$2,000,000","$750,000","$750,000",37.50%
Marcedes Lewis,TE,Bears,"$2,000,000","$2,000,000","$1,000,000","$1,000,000",50.00%
Jordan Akins,TE,Browns,"$3,900,000","$1,950,000","$1,730,000","$865,000",44.40%
Adonai Mitchell,WR,Colts,"$7,386,086","$1,846,522","$4,817,431","$1,204,358",65.20%
Ben Sinnott,TE,Commanders,"$7,227,950","$1,806,988","$4,597,851","$1,149,463",63.60%
Jayden Reed,WR,Packers,"$7,180,778","$1,795,195","$4,048,783","$1,012,196",56.40%
Trent Sherfield,WR,Vikings,"$1,790,000","$1,790,000","$1,000,000","$1,000,000",55.90%
Tyquan Thornton,WR,Patriots,"$7,053,860","$1,763,465","$4,040,710","$1,010,178",57.30%
Rondale Moore,WR,Falcons,"$6,924,254","$1,731,064","$4,030,559","$1,007,640",58.20%
Justin Watson,WR,Chiefs,"$3,400,000","$1,700,000","$1,300,000","$650,000",38.20%
George Pickens,WR,Steelers,"$6,752,188","$1,688,047","$3,867,506","$966,877",57.30%
Alec Pierce,WR,Colts,"$6,601,342","$1,650,336","$3,691,037","$922,759",55.90%
Rashee Rice,WR,Chiefs,"$6,495,218","$1,623,805","$3,519,033","$879,758",54.20%
Skyy Moore,WR,Chiefs,"$6,450,506","$1,612,627","$3,574,481","$893,620",55.40%
Trey McBride,TE,Cardinals,"$6,299,660","$1,574,915","$3,457,900","$864,475",54.90%
Luke Schoonmaker,TE,Cowboys,"$6,266,678","$1,566,670","$3,342,433","$835,608",53.30%
Chris Conley,WR,49ers,"$1,550,000","$1,550,000","$460,000","$460,000",29.70%
Brenton Strange,TE,Jaguars,"$6,114,342","$1,528,586","$3,224,717","$806,179",52.70%
Malachi Corley,WR,Jets,"$6,073,456","$1,518,364","$1,237,060","$309,265",20.40%
Marvin Mims,WR,Broncos,"$6,068,634","$1,517,159","$3,189,399","$797,350",52.60%
Pat Freiermuth,TE,Steelers,"$6,028,180","$1,507,045","$3,338,140","$834,535",55.40%
Trenton Irwin,WR,Bengals,"$1,500,000","$1,500,000","$250,000","$250,000",16.70%
Tutu Atwell,WR,Rams,"$5,908,698","$1,477,175","$3,245,813","$811,453",54.90%
Jermaine Burton,WR,Bengals,"$5,820,896","$1,455,224","$1,053,380","$263,345",18.10%
Tip Reiman,TE,Cardinals,"$5,789,912","$1,447,478","$1,030,844","$257,711",17.80%
Roman Wilson,WR,Steelers,"$5,745,168","$1,436,292","$998,304","$249,576",17.40%
Terrace Marshall Jr.,WR,Panthers,"$5,729,482","$1,432,371","$3,107,327","$776,832",54.20%
Kenny Yeboah,TE,Jets,"$1,425,000","$1,425,000","$225,000","$225,000",15.80%
Tank Dell,WR,Texans,"$5,689,104","$1,422,276","$1,137,528","$284,382",20.00%
Jalen McMillan,WR,Buccaneers,"$5,663,024","$1,415,756","$938,564","$234,641",16.60%
Ihmir Smith-Marsette,WR,Panthers,"$1,410,000","$1,410,000","$395,000","$395,000",28.00%
Jalin Hyatt,WR,Giants,"$5,625,316","$1,406,329","$1,091,140","$272,785",19.40%
Cedric Tillman,WR,Browns,"$5,610,462","$1,402,616","$1,080,336","$270,084",19.30%
Albert Okwuegbunam,TE,Eagles,"$1,400,000","$1,400,000","$725,000","$725,000",51.80%
Luke McCaffrey,WR,Commanders,"$5,596,312","$1,399,078","$890,044","$222,511",15.90%
Tucker Kraft,TE,Packers,"$5,537,932","$1,384,483","$1,027,588","$256,897",18.60%
Josh Downs,WR,Colts,"$5,520,456","$1,380,114","$1,014,876","$253,719",18.40%
Sterling Shepard,WR,Buccaneers,"$1,377,500","$1,377,500",$0,$0,0.00%
C.J. Uzomah,TE,Eagles,"$1,377,500","$1,377,500","$717,500","$717,500",52.10%
Chris Manhertz,TE,Giants,"$1,377,500","$1,377,500","$117,500","$117,500",8.50%
Justin Hardee,WR,Browns,"$1,377,500","$1,377,500","$800,000","$800,000",58.10%
Isaiah McKenzie,WR,Giants,"$1,377,500","$1,377,500","$75,000","$75,000",5.40%
Velus Jones Jr.,WR,Bears,"$5,405,924","$1,351,481","$1,111,580","$277,895",20.60%
Jelani Woods,TE,Colts,"$5,372,484","$1,343,121","$1,087,260","$271,815",20.20%
Darnell Washington,TE,Steelers,"$5,353,912","$1,338,478","$893,752","$223,438",16.70%
Michael Wilson,WR,Cardinals,"$5,339,462","$1,334,866","$883,244","$220,811",16.50%
Tre Tucker,WR,Raiders,"$5,304,082","$1,326,021","$857,512","$214,378",16.20%
Cameron Latu,TE,49ers,"$5,304,082","$1,326,021","$857,512","$214,378",16.20%
Steven Sims,WR,Texans,"$1,325,000","$1,325,000","$75,000","$75,000",5.70%
Greg Dulcich,TE,Broncos,"$5,259,140","$1,314,785","$1,004,828","$251,207",19.10%
Allen Robinson,WR,Giants,"$1,310,000","$1,310,000","$25,000","$25,000",1.90%
Donovan Peoples-Jones,WR,Lions,"$1,300,000","$1,300,000","$125,000","$125,000",9.60%
Ian Thomas,TE,Panthers,"$1,300,000","$1,300,000","$1,300,000","$1,300,000",100.00%
Tim Patrick,WR,Broncos,"$1,295,000","$1,295,000",$0,$0,0.00%
Josiah Deguara,TE,Jaguars,"$1,292,500","$1,292,500","$25,000","$25,000",1.90%
Parris Campbell,WR,Eagles,"$1,292,500","$1,292,500","$417,500","$417,500",32.30%
Quez Watkins,WR,Steelers,"$1,292,500","$1,292,500","$167,500","$167,500",13.00%
Scott Miller,WR,Steelers,"$1,292,500","$1,292,500",$0,$0,0.00%
Laviska Shenault,WR,Seahawks,"$1,292,500","$1,292,500","$1,152,500","$1,152,500",89.20%
Ross Dwelley,TE,Falcons,"$1,292,500","$1,292,500","$95,500","$95,500",7.40%
Russell Gage,WR,Ravens,"$1,292,500","$1,292,500","$167,500","$167,500",13.00%
Deonte Harty,WR,Ravens,"$1,292,500","$1,292,500","$1,152,500","$1,152,500",89.20%
Olamide Zaccheaus,WR,Commanders,"$1,292,500","$1,292,500","$380,000","$380,000",29.40%
Tanner Hudson,TE,Bengals,"$1,292,500","$1,292,500","$167,500","$167,500",13.00%
Irv Smith Jr.,TE,Chiefs,"$1,292,500","$1,292,500","$384,000","$384,000",29.70%
Miles Boykin,WR,Giants,"$1,292,500","$1,292,500","$117,500","$117,500",9.10%
Van Jefferson,WR,Steelers,"$1,292,500","$1,292,500","$167,500","$167,500",13.00%
KhaDarel Hodge,WR,Falcons,"$1,292,500","$1,292,500","$167,500","$167,500",13.00%
Eric Saubert,TE,49ers,"$1,292,500","$1,292,500","$471,250","$471,250",36.50%
River Cracraft,WR,Dolphins,"$1,292,500","$1,292,500",$0,$0,0.00%
Jalen Reagor,WR,Patriots,"$1,292,500","$1,292,500","$442,500","$442,500",34.20%
David Moore,WR,Panthers,"$1,292,500","$1,292,500",$0,$0,0.00%
Jalen Guyton,WR,Raiders,"$1,292,500","$1,292,500","$31,500","$31,500",2.40%
Jalen Tolbert,WR,Cowboys,"$5,135,720","$1,283,930","$915,068","$228,767",17.80%
Donald Parham,TE,Chargers,"$2,565,000","$1,267,500","$400,000","$200,000",15.60%
David Bell,WR,Browns,"$5,044,904","$1,261,226","$849,020","$212,255",16.80%
Jeremy Ruckert,TE,Jets,"$5,044,903","$1,261,226","$849,020","$212,255",16.80%
Danny Gray,WR,49ers,"$5,044,904","$1,261,226","$849,020","$212,255",16.80%
Ja'Tavion Sanders,TE,Panthers,"$5,044,236","$1,261,059","$874,236","$218,559",17.30%
Jamison Crowder,WR,Commanders,"$1,260,000","$1,260,000",$0,$0,0.00%
MyCole Pruitt,TE,Steelers,"$1,260,000","$1,260,000",$0,$0,0.00%
Josh Palmer,WR,Chargers,"$5,032,056","$1,258,014","$1,019,676","$254,919",20.30%
Hunter Long,TE,Rams,"$4,968,696","$1,242,174","$973,596","$243,399",19.60%
Dyami Brown,WR,Commanders,"$4,943,998","$1,236,000","$955,636","$238,909",19.30%
Tommy Tremble,TE,Panthers,"$4,926,434","$1,231,609","$942,860","$235,715",19.10%
Jody Fortson,TE,Dolphins,"$1,225,000","$1,225,000","$425,000","$425,000",34.70%
Chase Claypool,WR,Bills,"$1,225,000","$1,225,000","$25,000","$25,000",2.00%
Troy Franklin,WR,Broncos,"$4,874,836","$1,218,709","$854,836","$213,709",17.50%
Theo Johnson,TE,Giants,"$4,851,436","$1,212,859","$831,436","$207,859",17.10%
Laquon Treadwell,WR,Colts,"$1,210,000","$1,210,000",$0,$0,0.00%
Robbie Chosen,WR,49ers,"$1,210,000","$1,210,000",$0,$0,0.00%
Damiere Byrd,WR,Bills,"$1,210,000","$1,210,000",$0,$0,0.00%
Nick Vannett,TE,Titans,"$1,210,000","$1,210,000",$0,$0,0.00%
Willie Snead,WR,Dolphins,"$1,210,000","$1,210,000",$0,$0,0.00%
Eric Tomlinson,TE,Colts,"$1,210,000","$1,210,000",$0,$0,0.00%
Phillip Dorsett,WR,Broncos,"$1,210,000","$1,210,000",$0,$0,0.00%
Javon Baker,WR,Patriots,"$4,836,596","$1,209,149","$816,596","$204,149",16.90%
Devontez Walker,WR,Ravens,"$4,817,852","$1,204,463","$797,852","$199,463",16.60%
Erick All,TE,Bengals,"$4,813,104","$1,203,276","$793,104","$198,276",16.50%
DeAndre Carter,WR,Bears,"$1,200,000","$1,200,000","$450,000","$450,000",37.50%
A.J. Barner,TE,Seahawks,"$4,775,108","$1,193,777","$755,108","$188,777",15.80%
Cade Stover,TE,Texans,"$4,758,936","$1,189,734","$738,936","$184,734",15.50%
Jared Wiley,TE,Chiefs,"$4,708,620","$1,177,155","$688,620","$172,155",14.60%
Derius Davis,WR,Chargers,"$4,551,928","$1,137,982","$711,928","$177,982",15.60%
Jacob Cowing,WR,49ers,"$4,548,716","$1,137,177","$528,708","$132,177",11.60%
Andy Isabella,WR,Bills,"$1,133,000","$1,133,000","$8,000","$8,000",0.70%
Cade Otton,TE,Buccaneers,"$4,523,940","$1,130,985","$833,940","$208,485",18.40%
Tyler Johnson,WR,Rams,"$1,130,000","$1,130,000","$75,000","$75,000",6.60%
Charlie Jones,WR,Bengals,"$4,518,776","$1,129,694","$678,776","$169,694",15.00%
Tyler Scott,WR,Bears,"$4,503,448","$1,125,862","$663,448","$165,862",14.70%
Tommy Sweeney,TE,Bears,"$1,125,000","$1,125,000",$0,$0,0.00%
Sean McKeon,TE,Lions,"$1,125,000","$1,125,000",$0,$0,0.00%
Robert Tonyan,TE,Vikings,"$1,125,000","$1,125,000","$150,000","$150,000",13.30%
John Ross,WR,Eagles,"$1,125,000","$1,125,000",$0,$0,0.00%
Trent Taylor,WR,49ers,"$1,125,000","$1,125,000",$0,$0,0.00%
Equanimeous St. Brown,WR,Saints,"$1,125,000","$1,125,000",$0,$0,0.00%
Mecole Hardman,WR,Chiefs,"$1,125,000","$1,125,000",$0,$0,0.00%
Keith Kirkwood,WR,Ravens,"$1,125,000","$1,125,000",$0,$0,0.00%
James Proche,WR,Browns,"$1,125,000","$1,125,000",$0,$0,0.00%
Tony Brown,WR,Browns,"$1,125,000","$1,125,000",$0,$0,0.00%
Kevin Rader,TE,Saints,"$1,125,000","$1,125,000",$0,$0,0.00%
Martavis Bryant,WR,Commanders,"$1,125,000","$1,125,000",$0,$0,0.00%
Jacob Hollister,TE,Panthers,"$1,125,000","$1,125,000",$0,$0,0.00%
Jesper Horsted,TE,Panthers,"$1,125,000","$1,125,000",$0,$0,0.00%
Gunner Olszewski,WR,Giants,"$1,125,000","$1,125,000","$467,500","$467,500",41.60%
Anthony Miller,WR,Ravens,"$1,125,000","$1,125,000",$0,$0,0.00%
Jakeem Grant,WR,Falcons,"$1,125,000","$1,125,000",$0,$0,0.00%
Hayden Hurst,TE,Chargers,"$1,125,000","$1,125,000",$0,$0,0.00%
Lil'Jordan Humphrey,WR,Broncos,"$1,125,000","$1,125,000",$0,$0,0.00%
Stanley Morgan,WR,Saints,"$1,125,000","$1,125,000",$0,$0,0.00%
Dante Pettis,WR,Bears,"$1,125,000","$1,125,000",$0,$0,0.00%
Byron Pringle,WR,Commanders,"$1,125,000","$1,125,000",$0,$0,0.00%
James Washington,WR,Falcons,"$1,125,000","$1,125,000",$0,$0,0.00%
Anthony Firkser,TE,Jets,"$1,125,000","$1,125,000",$0,$0,0.00%
Tre'Quan Smith,WR,Lions,"$1,125,000","$1,125,000",$0,$0,0.00%
Jordan Matthews,WR,Panthers,"$1,125,000","$1,125,000",$0,$0,0.00%
N'Keal Harry,WR,Vikings,"$1,125,000","$1,125,000",$0,$0,0.00%
Greg Dortch,WR,Cardinals,"$1,125,000","$1,125,000",$0,$0,0.00%
Daniel Bellinger,TE,Giants,"$4,453,112","$1,113,278","$793,112","$198,278",17.80%
Jack Stoll,TE,Giants,"$1,105,000","$1,105,000","$327,400","$327,400",29.60%
Zach Gentry,TE,Raiders,"$2,205,000","$1,102,500",$0,$0,0.00%
Erik Ezukanma,WR,Dolphins,"$4,384,992","$1,096,248","$724,992","$181,248",16.50%
Anthony Gould,WR,Colts,"$4,372,664","$1,093,166","$352,664","$88,166",8.10%
Charlie Kolar,TE,Ravens,"$4,364,880","$1,091,220","$704,880","$176,220",16.10%
Jake Ferguson,TE,Cowboys,"$4,364,880","$1,091,220","$704,880","$176,220",16.10%
Ainias Smith,WR,Eagles,"$4,354,296","$1,088,574","$334,296","$83,574",7.70%
Jamari Thrash,WR,Browns,"$4,345,408","$1,086,352","$325,408","$81,352",7.50%
Romeo Doubs,WR,Packers,"$4,343,916","$1,085,979","$683,916","$170,979",15.70%
Tyler Davis,TE,Packers,"$1,075,000","$1,075,000",$0,$0,0.00%
Mitchell Wilcox,TE,Patriots,"$1,075,000","$1,075,000","$20,000","$20,000",1.90%
Bub Means,WR,Saints,"$4,274,276","$1,068,569","$254,276","$63,569",5.90%
Juwann Winfree,WR,Colts,"$2,135,000","$1,067,500",$0,$0,0.00%
Tre' McKitty,TE,Bills,"$1,059,000","$1,059,000","$4,000","$4,000",0.40%
Jha'Quan Jackson,WR,Titans,"$4,223,668","$1,055,917","$203,668","$50,917",4.80%
Tyron Johnson,WR,Cowboys,"$1,055,000","$1,055,000",$0,$0,0.00%
David Sills,WR,Broncos,"$1,055,000","$1,055,000",$0,$0,0.00%
D'Wayne Eskridge,WR,Seahawks,"$1,055,000","$1,055,000",$0,$0,0.00%
Greg Ward,WR,Colts,"$1,055,000","$1,055,000",$0,$0,0.00%
Malik Taylor,WR,Jets,"$1,055,000","$1,055,000",$0,$0,0.00%
Jacob Harris,WR,Eagles,"$2,110,000","$1,055,000","$25,000","$12,500",1.20%
Freddie Swain,WR,Bears,"$1,055,000","$1,055,000",$0,$0,0.00%
Tyrie Cleveland,WR,Colts,"$1,055,000","$1,055,000",$0,$0,0.00%
Quintez Cephus,WR,Texans,"$1,055,000","$1,055,000",$0,$0,0.00%
Simi Fehoko,WR,Chargers,"$1,055,000","$1,055,000",$0,$0,0.00%
Denzel Mims,WR,Jaguars,"$1,055,000","$1,055,000",$0,$0,0.00%
Lawrence Cager,WR,Giants,"$1,055,000","$1,055,000",$0,$0,0.00%
Nsimba Webster,WR,Bears,"$1,055,000","$1,055,000",$0,$0,0.00%
K.J. Hamler,WR,Bills,"$1,055,000","$1,055,000",$0,$0,0.00%
Daurice Fountain,WR,Lions,"$1,055,000","$1,055,000",$0,$0,0.00%
Dan Chisena,WR,Cardinals,"$1,055,000","$1,055,000",$0,$0,0.00%
Jordan Thomas,TE,Falcons,"$1,055,000","$1,055,000",$0,$0,0.00%
Collin Johnson,WR,Bears,"$1,055,000","$1,055,000",$0,$0,0.00%
Chris Myarick,TE,Jaguars,"$1,055,000","$1,055,000",$0,$0,0.00%
Parker Hesse,TE,Lions,"$1,055,000","$1,055,000",$0,$0,0.00%
Malik Washington,WR,Dolphins,"$4,219,560","$1,054,890","$199,560","$49,890",4.70%
Johnny Wilson,WR,Eagles,"$4,217,008","$1,054,252","$197,008","$49,252",4.70%
Casey Washington,WR,Falcons,"$4,213,596","$1,053,399","$193,596","$48,399",4.60%
Tejhaun Palmer,WR,Cardinals,"$4,205,228","$1,051,307","$185,228","$46,307",4.40%
Tanner McLachlan,TE,Bengals,"$4,203,056","$1,050,764","$183,056","$45,764",4.40%
John Bates,TE,Commanders,"$4,202,416","$1,050,604","$722,416","$180,604",17.20%
Kylen Granson,TE,Colts,"$4,186,364","$1,046,591","$706,364","$176,591",16.90%
Tanner Conner,WR,Dolphins,"$2,085,000","$1,042,500",$0,$0,0.00%
Racey McMath,WR,Cowboys,"$2,085,000","$1,042,500",$0,$0,0.00%
Miller Forristall,TE,Rams,"$2,085,000","$1,042,500",$0,$0,0.00%
Josh Whyle,TE,Titans,"$4,165,368","$1,041,342","$325,368","$81,342",7.80%
Tylan Wallace,WR,Ravens,"$4,165,356","$1,041,339","$685,356","$171,339",16.50%
Isaiah Likely,TE,Ravens,"$4,164,336","$1,041,084","$504,336","$126,084",12.10%
Calvin Austin III,WR,Steelers,"$4,164,336","$1,041,084","$504,336","$126,084",12.10%
Chigoziem Okonkwo,TE,Titans,"$4,164,336","$1,041,084","$504,336","$126,084",12.10%
Justin Shorter,WR,Bills,"$4,163,948","$1,040,987","$323,948","$80,987",7.80%
Jordan Whittington,WR,Rams,"$4,158,388","$1,039,597","$138,388","$34,597",3.30%
Ryan Flournoy,WR,Cowboys,"$4,158,388","$1,039,597","$138,388","$34,597",3.30%
Dontayvion Wicks,WR,Packers,"$4,142,544","$1,035,636","$302,544","$75,636",7.30%
Isaiah Hodgins,WR,Giants,"$1,035,000","$1,035,000","$325,000","$325,000",31.40%
Brenden Rice,WR,Chargers,"$4,134,592","$1,033,648","$114,592","$28,648",2.80%
Will Mallory,TE,Colts,"$4,130,592","$1,032,648","$290,592","$72,648",7.00%
Jaheim Bell,TE,Patriots,"$4,126,592","$1,031,648","$106,592","$26,648",2.60%
DeVaughn Vele,WR,Broncos,"$4,124,480","$1,031,120","$104,480","$26,120",2.50%
Tahj Washington,WR,Dolphins,"$4,110,396","$1,027,599","$90,396","$22,599",2.20%
Devin Culp,TE,Buccaneers,"$4,106,184","$1,026,546","$86,184","$21,546",2.10%
Cornelius Johnson,WR,Chargers,"$4,100,736","$1,025,184","$80,736","$20,184",2.00%
Payne Durham,TE,Buccaneers,"$4,084,980","$1,021,245","$244,980","$61,245",6.00%
Davis Allen,TE,Rams,"$4,084,980","$1,021,245","$244,980","$61,245",6.00%
Puka Nacua,WR,Rams,"$4,084,980","$1,021,245","$244,980","$61,245",6.00%
Parker Washington,WR,Jaguars,"$4,032,264","$1,008,066","$192,264","$48,066",4.80%
Kayshon Boutte,WR,Patriots,"$4,027,274","$1,006,819","$187,274","$46,819",4.70%
Trey Palmer,WR,Buccaneers,"$4,019,296","$1,004,824","$179,296","$44,824",4.50%
A.T. Perry,WR,Saints,"$4,016,364","$1,004,091","$176,364","$44,091",4.40%
Elijah Higgins,WR,Cardinals,"$4,015,880","$1,003,970","$175,880","$43,970",4.40%
Khalil Shakir,WR,Bills,"$4,007,152","$1,001,788","$347,152","$86,788",8.70%
Xavier Hutchinson,WR,Texans,"$4,003,700","$1,000,925","$163,700","$40,925",4.10%
Andrei Iosivas,WR,Bengals,"$3,999,392","$999,848","$159,392","$39,848",4.00%
Cole Turner,TE,Commanders,"$3,998,880","$999,720","$338,880","$84,720",8.50%
Mike Strachan,WR,Panthers,"$1,995,000","$997,500",$0,$0,0.00%
Tyree Jackson,TE,Giants,"$1,995,000","$997,500",$0,$0,0.00%
Demario Douglas,WR,Patriots,"$3,973,332","$993,333","$133,332","$33,333",3.40%
Kyle Philips,WR,Titans,"$3,973,328","$993,332","$313,328","$78,332",7.90%
Antoine Green,WR,Lions,"$3,956,760","$989,190","$116,760","$29,190",3.00%
Teagan Quitoriano,TE,Texans,"$3,956,148","$989,037","$296,148","$74,037",7.50%
Colton Dowell,WR,Titans,"$3,942,696","$985,674","$102,696","$25,674",2.60%
Deven Thompkins,WR,Panthers,"$985,000","$985,000",$0,$0,0.00%
Dax Milne,WR,Raiders,"$985,000","$985,000",$0,$0,0.00%
Austin Trammell,WR,Jaguars,"$985,000","$985,000",$0,$0,0.00%
Cody Thompson,WR,Buccaneers,"$985,000","$985,000",$0,$0,0.00%
Matt Sokol,TE,Steelers,"$985,000","$985,000",$0,$0,0.00%
Frank Darby,WR,49ers,"$985,000","$985,000",$0,$0,0.00%
Tim Jones,WR,Jaguars,"$985,000","$985,000",$0,$0,0.00%
Andre Baccellia,WR,Cardinals,"$985,000","$985,000",$0,$0,0.00%
Dez Fitzpatrick,WR,Steelers,"$985,000","$985,000",$0,$0,0.00%
David Wells,TE,Buccaneers,"$985,000","$985,000",$0,$0,0.00%
Tom Kennedy,WR,Lions,"$985,000","$985,000",$0,$0,0.00%
Quintin Morris,TE,Bills,"$985,000","$985,000",$0,$0,0.00%
Montrell Washington,WR,Chiefs,"$985,000","$985,000",$0,$0,0.00%
Trishton Jackson,WR,Vikings,"$985,000","$985,000",$0,$0,0.00%
Kristian Wilkerson,WR,Raiders,"$985,000","$985,000",$0,$0,0.00%
Davion Davis,WR,Commanders,"$985,000","$985,000",$0,$0,0.00%
Jaelon Darden,WR,Browns,"$985,000","$985,000",$0,$0,0.00%
Stephen Carlson,TE,Bears,"$985,000","$985,000",$0,$0,0.00%
Anthony Schwartz,WR,Dolphins,"$985,000","$985,000",$0,$0,0.00%
Nick Muse,TE,Vikings,"$985,000","$985,000",$0,$0,0.00%
Shane Zylstra,TE,Lions,"$985,000","$985,000",$0,$0,0.00%
Jalen Brooks,WR,Cowboys,"$3,922,356","$980,589","$82,356","$20,589",2.10%
Brayden Willis,TE,49ers,"$3,919,900","$979,975","$79,900","$19,975",2.00%
Ronnie Bell,WR,49ers,"$3,917,784","$979,446","$77,784","$19,446",2.00%
James Mitchell,TE,Lions,"$3,902,556","$975,639","$242,556","$60,639",6.20%
Kelvin Harmon,WR,Cowboys,"$1,945,000","$972,500",$0,$0,0.00%
Deontay Burnett,WR,Cowboys,"$1,945,000","$972,500",$0,$0,0.00%
Raleigh Webb,WR,Buccaneers,"$1,945,000","$972,500",$0,$0,0.00%
Lance McCutcheon,WR,Jets,"$1,945,000","$972,500",$0,$0,0.00%
Braylon Sanders,WR,Dolphins,"$1,945,000","$972,500",$0,$0,0.00%
Nikola Kalinic,TE,Rams,"$1,945,000","$972,500",$0,$0,0.00%
Jalen Nailor,WR,Vikings,"$3,840,660","$960,165","$180,660","$45,165",4.70%
Andrew Ogletree,TE,Colts,"$3,838,192","$959,548","$178,192","$44,548",4.60%
Luke Farrell,TE,Jaguars,"$3,838,020","$959,505","$358,020","$89,505",9.30%
Grant Calcaterra,TE,Eagles,"$3,834,140","$958,535","$174,140","$43,535",4.50%
Brevin Jordan,TE,Texans,"$3,832,184","$958,046","$325,184","$81,296",8.50%
Michael Woods,WR,Browns,"$3,828,292","$957,073","$168,292","$42,073",4.40%
Connor Heyward,TE,Steelers,"$3,815,224","$953,806","$155,224","$38,806",4.10%
Xavier Weaver,WR,Cardinals,"$2,860,000","$953,333","$255,000","$85,000",8.90%
McCallan Castles,TE,Eagles,"$2,860,000","$953,333","$230,000","$76,667",8.00%
John Jiles,WR,Giants,"$2,860,000","$953,333","$100,000","$33,333",3.50%
Dee Williams,WR,Seahawks,"$2,855,000","$951,667","$125,000","$41,667",4.40%
Jack Westover,TE,Seahawks,"$2,855,000","$951,667","$75,000","$25,000",2.60%
Dayton Wade,WR,Ravens,"$2,855,000","$951,667","$30,000","$10,000",1.10%
David White Jr.,WR,Jaguars,"$2,855,000","$951,667","$250,000","$83,333",8.80%
Jalen Coker,WR,Panthers,"$2,855,000","$951,667","$250,000","$83,333",8.80%
Brevyn Spann-Ford,TE,Cowboys,"$2,850,000","$950,000","$245,000","$81,667",8.60%
Ahmarean Brown,WR,Browns,"$2,850,000","$950,000","$170,000","$56,667",6.00%
Noah Gray,TE,Chiefs,"$3,793,780","$948,445","$313,780","$78,445",8.30%
Josh Cephus,WR,Jaguars,"$2,845,000","$948,333","$55,000","$18,333",1.90%
Marcus Rosemy-Jacksaint,WR,Commanders,"$2,845,000","$948,333","$195,000","$65,000",6.90%
Leon Johnson,WR,Chargers,"$28,845,000","$948,333","$40,000","$13,333",0.10%
Hayden Hatten,WR,Seahawks,"$2,845,000","$948,333","$15,000","$5,000",0.50%
Isaiah Williams,WR,Lions,"$2,845,000","$948,333","$240,000","$80,000",8.40%
Treyton Welch,TE,Browns,"$2,845,000","$948,333","$125,000","$41,667",4.40%
Jalon Calhoun,WR,Lions,"$2,845,000","$948,333","$50,000","$16,667",1.80%
Cole Burgess,WR,Bengals,"$2,845,000","$948,333","$15,000","$5,000",0.50%
John FitzPatrick,TE,Falcons,"$3,792,012","$948,003","$132,012","$33,003",3.50%
Ko Kieft,TE,Buccaneers,"$3,792,012","$948,003","$132,012","$33,003",3.50%
Thomas Yassmin,TE,Broncos,"$2,842,000","$947,333","$47,000","$15,667",1.70%
Jacob Warren,TE,Patriots,"$2,840,000","$946,667","$35,000","$11,667",1.20%
Kameron Johnson,WR,Buccaneers,"$2,840,000","$946,667","$10,000","$3,333",0.40%
Trent Pennix,TE,Colts,"$2,840,000","$946,667","$10,000","$3,333",0.40%
Jeshaun Jones,WR,Vikings,"$2,840,000","$946,667","$235,000","$78,333",8.30%
Trey Knox,TE,Vikings,"$2,840,000","$946,667","$130,000","$43,333",4.60%
Tulu Griffin,WR,Raiders,"$2,840,000","$946,667","$125,000","$41,667",4.40%
Cam Johnson,WR,Cowboys,"$2,840,000","$946,667","$10,000","$3,333",0.40%
Brenden Bates,TE,Bears,"$2,840,000","$946,667","$60,000","$20,000",2.10%
Dallin Holker,TE,Saints,"$2,840,000","$946,667","$235,000","$78,333",8.30%
Messiah Swinson,TE,Packers,"$2,840,000","$946,667","$10,000","$3,333",0.40%
Mason Tipton,WR,Saints,"$2,840,000","$946,667","$110,000","$36,667",3.90%
Mason Pline,TE,49ers,"$2,840,000","$946,667","$50,000","$16,667",1.80%
Jeff Foreman,WR,Raiders,"$2,840,000","$946,667","$55,000","$18,333",1.90%
Xavier Johnson,WR,Bills,"$2,840,000","$946,667","$10,000","$3,333",0.40%
Lawrence Keys,WR,Bills,"$2,840,000","$946,667","$10,000","$3,333",0.40%
Drake Stoops,WR,Rams,"$2,838,000","$946,000","$8,000","$2,667",0.30%
David Martin-Robinson,TE,Titans,"$2,837,500","$945,833","$17,500","$5,833",0.60%
Baylor Cupp,TE,Chiefs,"$2,837,500","$945,833","$157,500","$52,500",5.60%
Austin Stogner,TE,Falcons,"$2,837,000","$945,667","$7,000","$2,333",0.20%
Terique Owens,WR,49ers,"$2,836,500","$945,500","$6,500","$2,167",0.20%
Luke Benson,TE,Chargers,"$2,836,000","$945,333","$6,000","$2,000",0.20%
Brevin Easton,WR,Jaguars,"$2,835,000","$945,000","$30,000","$10,000",1.10%
Cam Grandy,TE,Bengals,"$2,835,000","$945,000","$5,000","$1,667",0.20%
Tyler Harrell,WR,Jets,"$2,835,000","$945,000","$25,000","$8,333",0.90%
Zach Heins,TE,Chargers,"$2,835,000","$945,000","$5,000","$1,667",0.20%
Tanner Knue,WR,Buccaneers,"$2,835,000","$945,000","$5,000","$1,667",0.20%
Lincoln Sefcik,TE,Jets,"$2,835,000","$945,000","$12,500","$4,167",0.40%
Steven Stilianos,TE,Titans,"$2,835,000","$945,000","$12,500","$4,167",0.40%
Isaiah Washington,WR,Ravens,"$2,835,000","$945,000","$5,000","$1,667",0.20%
Marcus Riley,WR,Jets,"$2,835,000","$945,000","$15,000","$5,000",0.50%
Latreal Jones,WR,Buccaneers,"$2,835,000","$945,000","$5,000","$1,667",0.20%
Jaylen Johnson,WR,Chargers,"$2,834,000","$944,667","$4,000","$1,333",0.10%
Shawn Bowman,TE,Jaguars,"$2,833,000","$944,333","$3,000","$1,000",0.10%
Sam Wiglusz,WR,Rams,"$2,833,000","$944,333","$3,000","$1,000",0.10%
Jaelen Gill,WR,Chargers,"$2,833,000","$944,333","$3,000","$1,000",0.10%
Ramel Keyton,WR,Raiders,"$2,832,500","$944,167","$20,000","$6,667",0.70%
Riley Sharp,TE,Ravens,"$2,832,500","$944,167","$2,500",$833,0.10%
Je'Quan Burton,WR,Dolphins,"$2,832,000","$944,000","$2,000",$667,0.10%
J.J. Laap,WR,Rams,"$2,832,000","$944,000","$2,000",$667,0.10%
Hayden Rucci,TE,Dolphins,"$2,831,500","$943,833","$1,500",$500,0.10%
Mike Rigerman,TE,Ravens,"$2,831,000","$943,667","$1,000",$333,0.00%
Joe Scates,WR,Jaguars,"$2,831,000","$943,667","$1,000",$333,0.00%
Ayir Asante,WR,Giants,"$2,831,000","$943,667","$4,000","$1,333",0.10%
Jaaron Hayek,WR,Chiefs,"$2,830,000","$943,333",$0,$0,0.00%
Derek Slywka,WR,Colts,"$2,830,000","$943,333",$0,$0,0.00%
Patrick Murtagh,TE,Jaguars,"$2,830,000","$943,333","$225,000","$75,000",8.00%
David Wallis,WR,Patriots,"$2,830,000","$943,333",$0,$0,0.00%
Qadir Ismail,WR,Ravens,"$2,830,000","$943,333",$0,$0,0.00%
John Jackson,WR,Bears,"$2,830,000","$943,333",$0,$0,0.00%
Phillip Brooks,WR,Chiefs,"$2,830,000","$943,333",$0,$0,0.00%
Julian Hicks,WR,Packers,"$2,830,000","$943,333",$0,$0,0.00%
Odieu Hiliare,WR,Falcons,"$2,830,000","$943,333",$0,$0,0.00%
Sam Schnee,WR,Titans,"$2,830,000","$943,333",$0,$0,0.00%
Ty James,WR,Vikings,"$2,830,000","$943,333","$5,000","$1,667",0.20%
Bryce Oliver,WR,Titans,"$2,830,000","$943,333",$0,$0,0.00%
Kevin Foelsch,TE,Eagles,"$2,830,000","$943,333",$0,$0,0.00%
Dimitri Stanley,WR,Packers,"$2,830,000","$943,333",$0,$0,0.00%
Devin Carter,WR,Panthers,"$2,830,000","$943,333",$0,$0,0.00%
Geor'Quarius Spivey,TE,Chiefs,"$2,830,000","$943,333",$0,$0,0.00%
Alec Holler,TE,Cowboys,"$2,830,000","$943,333",$0,$0,0.00%
Dareke Young,WR,Seahawks,"$3,761,100","$940,275","$101,100","$25,275",2.70%
Austin Watkins,WR,Eagles,"$1,880,000","$940,000","$150,000","$75,000",8.00%
Samori Toure,WR,Packers,"$3,737,012","$934,253","$77,012","$19,253",2.10%
Britain Covey,WR,Eagles,"$1,855,000","$927,500",$0,$0,0.00%
D.J. Turner,WR,Raiders,"$1,855,000","$927,500",$0,$0,0.00%
D.J. Montgomery,WR,Colts,"$1,855,000","$927,500",$0,$0,0.00%
Sammis Reyes,TE,Vikings,"$915,000","$915,000",$0,$0,0.00%
Jake Tonges,TE,49ers,"$915,000","$915,000",$0,$0,0.00%
Maurice Alexander,WR,Lions,"$915,000","$915,000",$0,$0,0.00%
Brady Russell,TE,Seahawks,"$915,000","$915,000",$0,$0,0.00%
Deon Cain,WR,Bills,"$915,000","$915,000",$0,$0,0.00%
Hakeem Butler,WR,Bengals,"$915,000","$915,000",$0,$0,0.00%
Cornell Powell,WR,Chiefs,"$915,000","$915,000",$0,$0,0.00%
Dalton Keene,TE,Texans,"$915,000","$915,000",$0,$0,0.00%
Alex Bachman,WR,Raiders,"$915,000","$915,000",$0,$0,0.00%
Easop Winston,WR,Seahawks,"$915,000","$915,000",$0,$0,0.00%
Cody White,WR,Seahawks,"$915,000","$915,000",$0,$0,0.00%
Tyler Mabry,TE,Seahawks,"$915,000","$915,000",$0,$0,0.00%
Michael Bandy,WR,Broncos,"$915,000","$915,000",$0,$0,0.00%
Kendric Pryor,WR,Bengals,"$915,000","$915,000",$0,$0,0.00%
Shedrick Jackson,WR,Bengals,"$915,000","$915,000",$0,$0,0.00%
Ethan Fernea,WR,Colts,"$915,000","$915,000",$0,$0,0.00%
Jason Brownlee,WR,Jets,"$2,725,000","$908,333","$246,000","$82,000",9.00%
Rakim Jarrett,WR,Buccaneers,"$2,720,000","$906,667","$225,000","$75,000",8.30%
Bryce Ford-Wheaton,WR,Giants,"$2,715,000","$905,000","$236,000","$78,667",8.70%
Malik Knowles,WR,Vikings,"$2,710,000","$903,333","$75,000","$25,000",2.80%
Xavier Gipson,WR,Jets,"$2,710,000","$903,333","$165,000","$55,000",6.10%
Nikko Remigio,WR,Chiefs,"$2,710,000","$903,333","$50,000","$16,667",1.80%
Mitchell Tinsley,WR,Commanders,"$2,710,000","$903,333","$135,000","$45,000",5.00%
Julian Hill,TE,Dolphins,"$2,707,500","$902,500","$42,500","$14,167",1.60%
Jake Bobo,WR,Seahawks,"$2,705,000","$901,667","$10,000","$3,333",0.40%
Nate Adkins,TE,Broncos,"$2,705,000","$901,667","$75,000","$25,000",2.80%
David Durden,WR,Cowboys,"$2,705,000","$901,667","$150,000","$50,000",5.50%
Elijah Cooks,WR,Jaguars,"$2,705,000","$901,667","$70,000","$23,333",2.60%
Ben Sims,TE,Packers,"$2,705,000","$901,667","$110,000","$36,667",4.10%
Malik Heath,WR,Packers,"$2,704,000","$901,333","$9,000","$3,000",0.30%
John Stephens,WR,Cowboys,"$2,698,000","$899,333","$3,000","$1,000",0.10%
Kearis Jackson,WR,Titans,"$2,695,000","$898,333",$0,$0,0.00%
Josh Ali,WR,Falcons,"$2,695,000","$898,333",$0,$0,0.00%
E.J. Jenkins,TE,Eagles,"$1,785,000","$892,500","$20,000","$10,000",1.10%
Bennett Skowronek,WR,Texans,"$3,564,524","$891,131","$84,524","$21,131",2.40%
Tyrell Shavers,WR,Bills,"$1,764,000","$882,000","$9,000","$4,500",0.50%
Bryan Thompson,WR,Bills,"$1,764,000","$882,000","$9,000","$4,500",0.50%
Tre'Shaun Harrison,WR,Titans,"$1,755,000","$877,500",$0,$0,0.00%
Kyric McGowan,WR,Dolphins,"$1,755,000","$877,500",$0,$0,0.00%
Ryan Miller,WR,Buccaneers,"$1,755,000","$877,500",$0,$0,0.00%
Tanner Taula,TE,Buccaneers,"$1,755,000","$877,500",$0,$0,0.00%
Jesse Matthews,WR,Falcons,"$1,755,000","$877,500",$0,$0,0.00%
Isaiah Winstead,WR,Jets,"$1,755,000","$877,500",$0,$0,0.00%
Neal Johnson,TE,Jets,"$1,755,000","$877,500",$0,$0,0.00%
Brandon Smith,WR,Jets,"$1,755,000","$877,500",$0,$0,0.00%
Cephus Johnson,WR,Buccaneers,"$1,755,000","$877,500",$0,$0,0.00%
Joseph Ngata,WR,Eagles,"$1,755,000","$877,500",$0,$0,0.00%
Xavier Smith,WR,Rams,"$1,755,000","$877,500",$0,$0,0.00%
Princeton Fant,TE,Cowboys,"$1,755,000","$877,500",$0,$0,0.00%
Jalen Moreno-Cropper,WR,Cowboys,"$1,755,000","$877,500",$0,$0,0.00%
Johnny Johnson III,WR,Texans,"$1,755,000","$877,500",$0,$0,0.00%
Michael Jacobson,TE,Saints,"$1,755,000","$877,500",$0,$0,0.00%
Armani Rogers,TE,Eagles,"$2,577,500","$859,167","$67,500","$22,500",2.60%
Peyton Hendershot,TE,Cowboys,"$2,575,000","$858,333","$165,000","$55,000",6.40%
Jalen Virgil,WR,Broncos,"$2,572,500","$857,500","$42,500","$14,167",1.70%
Stone Smartt,TE,Chargers,"$2,565,000","$855,000","$5,000","$1,667",0.20%
Brandon Johnson,WR,Broncos,"$2,560,000","$853,333",$0,$0,0.00%
Kavontae Turpin,WR,Cowboys,"$2,560,000","$853,333",$0,$0,0.00%
Justyn Ross,WR,Chiefs,"$2,560,000","$853,333",$0,$0,0.00%
Zach Davidson,TE,Bills,"$1,674,000","$837,000","$9,000","$4,500",0.50%
Travis Vokolek,TE,Cardinals,"$1,665,000","$832,500",$0,$0,0.00%
Lucas Krull,TE,Broncos,"$1,665,000","$832,500",$0,$0,0.00%
Mason Kinsey,WR,Titans,"$1,665,000","$832,500",$0,$0,0.00%
Irvin Charles,WR,Jets,"$1,665,000","$832,500",$0,$0,0.00%
Blake Whiteheart,TE,Cardinals,"$1,665,000","$832,500",$0,$0,0.00%
Bo Melton,WR,Packers,"$1,665,000","$832,500",$0,$0,0.00%
Lucky Jackson,WR,Vikings,"$1,665,000","$832,500",$0,$0,0.00%
Rodney Williams II,TE,Steelers,"$1,665,000","$832,500",$0,$0,0.00%
Duece Watts,WR,Steelers,"$795,000","$795,000",$0,$0,0.00%
Jontre Kirklin,WR,49ers,"$795,000","$795,000",$0,$0,0.00%
Tyreik McAllister,WR,Raiders,"$795,000","$795,000",$0,$0,0.00%
Chase Cota,WR,Giants,"$795,000","$795,000",$0,$0,0.00%
Joel Wilson,TE,Packers,"$795,000","$795,000",$0,$0,0.00%
Jacob Copeland,WR,Steelers,"$795,000","$795,000",$0,$0,0.00%
Mike Harley,WR,Dolphins,"$795,000","$795,000",$0,$0,0.00%
Thomas Odukoya,TE,Titans,"$795,000","$795,000",$0,$0,0.00%
Jaray Jenkins,WR,Steelers,"$795,000","$795,000",$0,$0,0.00%
Bernhard Seikovits,TE,Cardinals,"$795,000","$795,000",$0,$0,0.00%
Chris Blair,WR,Falcons,"$795,000","$795,000",$0,$0,0.00%
Isaiah Wooden,WR,Chargers,"$795,000","$795,000",$0,$0,0.00%
Kazmeir Allen,WR,Commanders,"$795,000","$795,000",$0,$0,0.00%
JaQuae Jackson,WR,Patriots,"$795,000","$795,000",$0,$0,0.00%
Shaq Davis,WR,Saints,"$795,000","$795,000",$0,$0,0.00%
Grant DuBose,WR,Packers,"$795,000","$795,000",$0,$0,0.00%
Zavier Scott,WR,Colts,"$795,000","$795,000",$0,$0,0.00%
Tayvion Robinson,WR,Panthers,"$795,000","$795,000",$0,$0,0.00%
Matt Landers,WR,Browns,"$795,000","$795,000",$0,$0,0.00%
Daylen Baldwin,WR,Falcons,"$795,000","$795,000",$0,$0,0.00%
Jordan Murray,TE,Colts,"$795,000","$795,000",$0,$0,0.00%
John Samuel Shenker,TE,Raiders,"$795,000","$795,000",$0,$0,0.00%
Kevin Austin Jr.,WR,Saints,"$795,000","$795,000",$0,$0,0.00%
Brycen Tremayne,WR,Commanders,"$795,000","$795,000",$0,$0,0.00%
Kaden Davis,WR,Lions,"$795,000","$795,000",$0,$0,0.00%
Terrell Bynum,WR,Raiders,"$795,000","$795,000",$0,$0,0.00%
Kehinde Oginni,TE,Falcons,"$795,000","$795,000",$0,$0,0.00%
Griffin Hebert,TE,Eagles,"$795,000","$795,000",$0,$0,0.00%
Ty Scott,WR,Seahawks,"$795,000","$795,000",$0,$0,0.00%
Sean Ryan,WR,Ravens,"$795,000","$795,000",$0,$0,0.00%
Scotty Washington,TE,Ravens,"$795,000","$795,000",$0,$0,0.00%
Sal Cannella,TE,Buccaneers,"$795,000","$795,000",$0,$0,0.00%
Marcus Simms,WR,Seahawks,"$795,000","$795,000",$0,$0,0.00%
Cole Fotheringham,TE,Raiders,"$795,000","$795,000",$0,$0,0.00%
Dennis Houston,WR,Giants,"$795,000","$795,000",$0,$0,0.00%
Kwamie Lassiter II,WR,Bengals,"$795,000","$795,000",$0,$0,0.00%
Zaire Mitchell-Paden,TE,Browns,"$795,000","$795,000",$0,$0,0.00%
Thayer Thomas,WR,Vikings,"$795,000","$795,000",$0,$0,0.00%
Kyle Sheets,WR,Chiefs,"$795,000","$795,000",$0,$0,0.00%
Tay Martin,WR,49ers,"$795,000","$795,000",$0,$0,0.00%
Jalen Wayne,WR,Packers,"$795,000","$795,000",$0,$0,0.00%
Kawaan Baker,WR,Patriots,"$795,000","$795,000",$0,$0,0.00%
Dylan Drummond,WR,Falcons,"$795,000","$795,000",$0,$0,0.00%
Daniel Arias,WR,Cardinals,"$795,000","$795,000",$0,$0,0.00%
Michael Tutsie,WR,Colts,"$795,000","$795,000",$0,$0,0.00%
Hunter Kampmoyer,TE,Broncos,"$795,000","$795,000",$0,$0,0.00%
Seth Williams,WR,Jaguars,"$795,000","$795,000",$0,$0,0.00%
Samson Nacua,WR,Saints,"$795,000","$795,000",$0,$0,0.00%
Tarik Black,WR,Steelers,"$795,000","$795,000",$0,$0,0.00%
La'Michael Pettway,TE,Patriots,"$1,545,000","$772,500",$0,$0,0.00%
Zack Kuntz,TE,Jets,"$1,545,000","$772,500",$0,$0,0.00%